1-800-DryClean of Dublin,Garment Cleaning,925-803-7597,7172 Regional St #186,Dublin,94568,"7172 Regional St #186
Dublin, CA 94568
(37.70369659300047, -121.93408868299969)"
7 Days A Week Smog,Auto Repair,510-843-0200,2234 San Pablo Ave,Berkeley,94702,"2234 San Pablo Ave
Berkeley, CA 94702
(37.86520010400045, -122.29099103299973)"
"A1 Sun, Inc. Superb Solar Installation",Solar Electric,5105265715,2015 Yolo Ave.,Berkeley,94707,"2015 Yolo Ave.
Berkeley, CA 94707
(37.886026761000494, -122.27215062999971)"
ABVI - Golden Bear Inn,Hotel,510-525-6770,1620 San Pablo Avenue,Berkeley,94702,"1620 San Pablo Avenue
Berkeley, CA 94702
(37.87470972800048, -122.2940515469997)"
"ACC Environmental Consultants, Inc.",Office/Retail,5106388400,"7977 Capwell Dr., Ste. 100",Oakland,94621,"7977 Capwell Dr., Ste. 100
Oakland, CA 94621
(37.73943002200048, -122.20371307699969)"
Ackermans Servicing Volvos,Auto Repair,5105499330,2220 San Pablo Ave,Berkeley,94702,"2220 San Pablo Ave
Berkeley, CA 94702
(37.86565965500046, -122.29114145299968)"
Acorn Wellness Center,Office/Retail,510-452-2929,"2929 Summit Street, Suite 103",Oakland,94609,"2929 Summit Street, Suite 103
Oakland, CA 94609
(37.81834841500046, -122.2648428229997)"
actual cafe,Restaurant,510.653.8386,6334 san pablo ave,Oakland,94608,"6334 san pablo ave
Oakland, CA 94608
(37.84679082600047, -122.28485697499968)"
Addis Creson,Office/Retail,510-704-7500,2515 Ninth Street,Berkeley,94710,"2515 Ninth Street
Berkeley, CA 94710
(37.860060950000445, -122.2916069259997)"
Aeronet Communications,Office/Retail,510-558-0400,834 Camelia Street,Berkeley,94710,"834 Camelia Street
Berkeley, CA 94710
(37.87769325500045, -122.30024363999968)"
Aging In Community,Office/Retail,510-549-8790,2150 Allston Way #400,Berkeley,94702,"2150 Allston Way #400
Berkeley, CA 94702
(37.86953543800047, -122.26670798099968)"
Ajanta,Restaurant,510-526-4373,1888 Solano Avenue,Berkeley,94707,"1888 Solano Avenue
Berkeley, CA 94707
(37.8914425050005, -122.27751116599973)"
Alameda County Environmental Health,Office/Retail,510-567-6700,1131 Harbor Bay Parkway,Alameda,94502,"1131 Harbor Bay Parkway
Alameda, CA 94502
(37.72714975300045, -122.23065204399973)"
Alameda County Health Care Services - Creekside Administrative Office,Office/Retail,(510) 618-2016 (Jennifer),"1000 San Leandro Blvd, Suite 300",San Leandro,94577,"1000 San Leandro Blvd, Suite 300
San Leandro, CA 94577
(37.72555493600049, -122.16238797999972)"
"Alameda County Supervisor Scott Haggerty's Office, District 1",Office/Retail,510-272-6691,"1221 Oak Street, Suite 536",Oakland,94612,"1221 Oak Street, Suite 536
Oakland, CA 94612
(37.80001730800046, -122.2635470789997)"
Alameda County Supervisor Scott Haggerty's Pleasanton Office District 1,Office/Retail,925-551-6995,4501 Pleasanton Avenue,Pleasanton,94566,"4501 Pleasanton Avenue
Pleasanton, CA 94566
(37.661707882000485, -121.87999617799971)"
Alameda Municipal Power City of Alameda,Small Manufacturer,510-748-3947,2000 Grand Street,Alameda,94501,"2000 Grand Street
Alameda, CA 94501
(37.77629722300048, -122.2528339649997)"
Alameda Natural Grocery,Office/Retail,510-865-1500,1650 Park Street,Alameda,94501,"1650 Park Street
Alameda, CA 94501
(37.76790085800047, -122.2396658289997)"
Alameda Publishing Group,Office/Retail,510-747-1060,1416 Park Avenue,Alameda,94501,"1416 Park Avenue
Alameda, CA 94501
(37.764329863000455, -122.24137611599969)"
Albany YMCA,Hotel,510-525-1130,921 Kains Avenue,Albany,94706,"921 Kains Avenue
Albany, CA 94706
(37.889820425000494, -122.29778717499971)"
Align Chiropractic Center,Office/Retail,510-654-2207,"6239 College Ave, Suite 201",Oakland,94618,"6239 College Ave, Suite 201
Oakland, CA 94618
(37.84992505700046, -122.25237565699967)"
Alma Via of Union City,Hotel,510-489-3800,33883 Alvarado Niles Road,Union City,94587,"33883 Alvarado Niles Road
Union City, CA 94587
(37.58947962900049, -122.03022625999972)"
Alta Planning + Design,Office/Retail,5105405008,2560 9th St. Suite 212,Berkeley,94710,"2560 9th St. Suite 212
Berkeley, CA 94710
(37.85958260300049, -122.29151833199973)"
Altarena Playhouse,Office/Retail,510.523.1553,1409 High Street,Alameda,94501,"1409 High Street
Alameda, CA 94501
(37.75853336300048, -122.2316592199997)"
AMEC E&I Oakland,Office/Retail,510-663-4100,"2101 Webster St., Floors 12 & 13",Oakland,,"2101 Webster St., Floors 12 &amp; 13
Oakland, CA 94612-3066
(37.809843894000494, -122.26588958599973)"
American Natural & Organic Spices,Small Manufacturer,510 - 440-1044,4180 Business Center Dr.,Fremont,94538,"4180 Business Center Dr.
Fremont, CA 94538
(37.50730943600047, -121.95267746999968)"
Amirali Rahmatian DDS Inc,Dentist,5108487239,3010 Colby Street Suite 117,Berkeley,94705,"3010 Colby Street Suite 117
Berkeley, CA 94705
(37.856217606000484, -122.25795724499972)"
AMP Printing + Graphics,Printer,925-556-9000,6955 Sierra Court,Dublin,94568,"6955 Sierra Court
Dublin, CA 94568
(37.711190144000454, -121.9132046529997)"
Anasa Yoga,Office/Retail,510-229-7106,4232 MacArthur Boulevard,Oakland,94619,"4232 MacArthur Boulevard
Oakland, CA 94619
(37.788071353000475, -122.19538667799969)"
"Angela Klein, Architect",Home Remodel,5102052594,2622 Lincoln Avenue,Alameda,94501,"2622 Lincoln Avenue
Alameda, CA 94501
(37.76426472100047, -122.2363731699997)"
Angeline's Louisiana Kitchen,Restaurant,510-548-6900,2261 Shattuck Ave,Berkeley,94704,"2261 Shattuck Ave
Berkeley, CA 94704
(37.868283944000495, -122.26766573299972)"
"Annie's, Inc.",Restaurant,510-558-7500,1610 Fifth St.,Berkeley,94710,"1610 Fifth St.
Berkeley, CA 94710
(37.87360739400049, -122.30072130799971)"
Apple Pie Maternity and Kids,Office/Retail,510-473-2765,1649 San Pablo Avenue,Berkeley,94702,"1649 San Pablo Avenue
Berkeley, CA 94702
(37.874361208000494, -122.2937491729997)"
Aramark Uniform Services,Small Manufacturer,5108359285,330 Chestnut St.,Oakland,94607,"330 Chestnut St.
Oakland, CA 94607
(37.80157954400045, -122.28781799999967)"
"Ariane Terlet, DDS",Dentist,510-548-4084,"2999 Regent Street, Suite 525",Berkeley,94705,"2999 Regent Street, Suite 525
Berkeley, CA 94705
(37.8559178860005, -122.25663604899972)"
Arizmendi Bakery & Pizzeria,Restaurant,510.547.0550,4301 San Pablo Ave.,Emeryville,94608,"4301 San Pablo Ave.
Emeryville, CA 94608
(37.83287354100048, -122.28055384899972)"
Arkin-Tilt Architects,Home Remodel,510-528-9830,"1101 8th Street , Suite 180",Berkeley,94710,"1101 8th Street , Suite 180
Berkeley, CA 94710
(37.88268080500046, -122.30004702799971)"
Art.com,Office/Retail,510-879-4729,"2100 Powell Street, Suite 1000 & 1300",Emeryville,94608,"2100 Powell Street, Suite 1000 &amp; 1300
Emeryville, CA 94608
(37.83618126800047, -122.28556660899972)"
Art's Automotive,Auto Repair,5105407093,2871 San Pablo Ave.,Berkeley,94702,"2871 San Pablo Ave.
Berkeley, CA 94702
(37.85385109100048, -122.28712748899972)"
Aspect Design Landscape,Landscaper,415-225-1211,1016 Cedar Street,Berkeley,94710,"1016 Cedar Street
Berkeley, CA 94710
(37.874893312000495, -122.29553324399973)"
Aspera Inc.,Office/Retail,510-849-2386,5900 Hollis St. Ste. E,Emeryville,94608,"5900 Hollis St. Ste. E
Emeryville, CA 94608
(37.84164101300047, -122.28980662399971)"
"Astraea Bella, LCSW",Office/Retail,510-290-8303,"445 Bellevue Ave., Suite 104",Oakland,94610,"445 Bellevue Ave., Suite 104
Oakland, CA 94610
(37.809074488000476, -122.25270380899968)"
"Atlantic Decisions, Inc.",Office/Retail,888-732-9101,6161 E Castro Valley Blvd,Castro Valley,94552,"6161 E Castro Valley Blvd
Castro Valley, CA 94552
(37.69883438400046, -122.02909912899969)"
Au Coquelet,Restaurant,510-845-0433,2000 University Avenue,Berkeley,94704,"2000 University Avenue
Berkeley, CA 94704
(37.87180318700047, -122.27056588999972)"
Audio Visual Consultants,Office/Retail,510-839-2020,"3640 Grand Avenue, Suite 105",Oakland,94610,"3640 Grand Avenue, Suite 105
Oakland, CA 94610
(37.81574034500045, -122.24564709699968)"
Aunt Mary's Cafe,Restaurant,510-601-9227,4307 Telegraph Avenue,Oakland,94609,"4307 Telegraph Avenue
Oakland, CA 94609
(37.831799754000485, -122.2637721159997)"
Aurora Theatre,Office/Retail,5108434042,2081 Addison Street,Berkeley,94704,"2081 Addison Street
Berkeley, CA 94704
(37.87113863600047, -122.2686292029997)"
AutoMate Scientific,Small Manufacturer,510-845-6283,812 Page St,Berkeley,94710,"812 Page St
Berkeley, CA 94710
(37.8762731490005, -122.3010443009997)"
Autumn Press,Printer,510.654.4545,945 Camelia Street,Berkeley,94710,"945 Camelia Street
Berkeley, CA 94710
(37.878217950000476, -122.29793522599971)"
"Avail Insurance Solutions, LLC",Office/Retail,510-599-3417,5733 Ross Street,Oakland,94618,"5733 Ross Street
Oakland, CA 94618
(37.848081832000446, -122.24582475899967)"
Bacchus Press Inc.,Printer,510-420-5800,1287 66th St.,Emeryville,94608,"1287 66th St.
Emeryville, CA 94608
(37.848033272000464, -122.29056346099969)"
Back to Earth Organic Catering,Restaurant,5106522000,1327 61st Street,Emeryville,94,"1327 61st Street
Emeryville, CA 94
(37.83717433200047, -122.30174814499969)"
Baja Taqueria,Restaurant,5105472252,4070 Piedmont Ave.,Oakland,94611,"4070 Piedmont Ave.
Oakland, CA 94611
(37.826218344000495, -122.25261641199972)"
Balance Hydrologics,Office/Retail,510-704-1000,"800 Bancroft Way, Suite 101",Berkeley,94710,"800 Bancroft Way, Suite 101
Berkeley, CA 94710
(37.86336308500046, -122.29672475899969)"
Bancroft Catering,Restaurant,510-549-1000,2680 Bancroft Way,Berkeley,94704,"2680 Bancroft Way
Berkeley, CA 94704
(37.869227211000464, -122.25498219999969)"
Bancroft Hotel,Hotel,510-549-1000,2680 Bancroft Way,Berkeley,94704,"2680 Bancroft Way
Berkeley, CA 94704
(37.869227211000464, -122.25498219999969)"
Barney's Gourmet Hamburgers - College Ave,Restaurant,(510) 601-0444,5819 College Avenue,Oakland,94618,"5819 College Avenue
Oakland, CA 94618
(37.846441531000494, -122.25201175599972)"
Barney's Gourmet Hamburgers - Piedmont Avenue,Restaurant,510-655-7180,4162 Piedmont Avenue,Oakland,94611,"4162 Piedmont Avenue
Oakland, CA 94611
(37.82694722800045, -122.25167100399972)"
Barney's Gourmet Hamburgers - Shattuck,Restaurant,510-849-2827,1600 Shattuck Avenue,Berkeley,94709,"1600 Shattuck Avenue
Berkeley, CA 94709
(37.87813740900049, -122.2691434139997)"
Barney's Gourmet Hamburgers - Solano,Restaurant,510-526-8185,1591 Solano Ave.,Berkeley,94707,"1591 Solano Ave.
Berkeley, CA 94707
(37.891100279000455, -122.2847065629997)"
Bartle Wells Associates,Office/Retail,510.6533.399,1889 Alcatraz Avenue,Berkeley,94703,"1889 Alcatraz Avenue
Berkeley, CA 94703
(37.84891061200045, -122.27033236399973)"
BASELINE,Office/Retail,510 420-8686,"5900 Hollis Street, Suite D",Emeryville,94608,"5900 Hollis Street, Suite D
Emeryville, CA 94608
(37.84164101300047, -122.28980662399971)"
Bavarian Professionals,Auto Repair,510-524-6000,1218 Seventh Street,Berkeley,94710,"1218 Seventh Street
Berkeley, CA 94710
(37.88062940700047, -122.3006617369997)"
Bay Area Economics,Office/Retail,510-547-9380,1285 66th St.,Emeryville,94608,"1285 66th St.
Emeryville, CA 94608
(37.848103152000476, -122.2902235359997)"
Bay Area Green Tours,Office/Retail,5107040379,"2150 Allston Way,Suite 280",Berkeley,94704,"2150 Allston Way,Suite 280
Berkeley, CA 94704
(37.86953543800047, -122.26670798099968)"
Bay Central Printing,Printer,510-429-9111,33401 Western Avenue,Union City,94587,"33401 Western Avenue
Union City, CA 94587
(37.596015697000496, -122.03257983599968)"
Bay Smile Dental,Dentist,5102842511,39736 Cedar Blvd,Newark,94560,"39736 Cedar Blvd
Newark, CA 94560
(37.520407185000465, -121.9956641879997)"
Be Well Integral Healing Space,Office/Retail,510-836-0200,401 29th St Suite 101,Oakland,94609,"401 29th St Suite 101
Oakland, CA 94609
(37.81772304700047, -122.26495415699969)"
Ben 'N' Nicks Bar & Grill,Restaurant,510-923-0327,5612 College Avenue,Oakland,94618,"5612 College Avenue
Oakland, CA 94618
(37.84349012000047, -122.25163722199972)"
Berkeley Chamber of Commerce,Office/Retail,510-549-7000,1834 University Ave.,Berkeley,94703,"1834 University Ave.
Berkeley, CA 94703
(37.87141351600047, -122.27359560999969)"
Berkeley City Club,Hotel,510-848-7800,2315 Durant Avenue,Berkeley,94704,"2315 Durant Avenue
Berkeley, CA 94704
(37.86736757300048, -122.2626635099997)"
Berkeley Craftsmen GCI,Home Remodel,510-549-3076,2530 Tenth Street Suite 2,Berkeley,94710,"2530 Tenth Street Suite 2
Berkeley, CA 94710
(37.85980038100047, -122.2904118569997)"
Berkeley Delivers,Office/Retail,323-963-4803,2545 Benvenue Ave #2,Berkeley,94704,"2545 Benvenue Ave #2
Berkeley, CA 94704
(37.86394344500047, -122.25500511699971)"
Berkeley Design Center,Home Remodel,510-652-6064,3195 Adeline Street,Berkeley,94703,"3195 Adeline Street
Berkeley, CA 94703
(37.85094099800045, -122.27056470599967)"
Berkeley Gardens,Landscaper,510-395-1670,2701 Maxwell Ave,Oakland,94619,"2701 Maxwell Ave
Oakland, CA 94619
(37.77799321200047, -122.19738951399972)"
Berkeley Hills Realty,Office/Retail,510-524-9888,1714 Solano Ave.,Berkeley,94707,"1714 Solano Ave.
Berkeley, CA 94707
(37.8911931560005, -122.2820286059997)"
Berkeley Minicar,Auto Repair,5108411221,2498 San Pablo Ave.,Berkeley,94702,"2498 San Pablo Ave.
Berkeley, CA 94702
(37.8611649180005, -122.2897068799997)"
Berkeley Motor Works,Auto Repair,510-528-1214,736 San Pablo Ave.,Albany,94706,"736 San Pablo Ave.
Albany, CA 94706
(37.89294016000048, -122.2998421259997)"
Berkeley Natural Grocery Company,Office/Retail,510-526-2456,1336 Gilman St.,Berkeley,94706,"1336 Gilman St.
Berkeley, CA 94706
(37.88105342600045, -122.2885049569997)"
Berkeley Periodontics and Dental Implants,Dentist,510-843-6341,"2999 Regent Street, Suite 403",Berkeley,94705,"2999 Regent Street, Suite 403
Berkeley, CA 94705
(37.8559178860005, -122.25663604899972)"
Berkwood Hedge School,Schools,5108836995,1809 Bancroft Wy.,Berkeley,94703,"1809 Bancroft Wy.
Berkeley, CA 94703
(37.86679358400045, -122.2741578509997)"
Best Graphic Image,Office/Retail,510-490-9717,44816 S. Grimmer Blvd,Fremont,94538,"44816 S. Grimmer Blvd
Fremont, CA 94538
(37.50300423700048, -121.94724490999971)"
BioDiesel Hauling,Office/Retail,510-410-5484,3521 High St,Oakland,94619,"3521 High St
Oakland, CA 94619
(37.78711553500045, -122.19535232999971)"
Blaisdell's Business Products,Office/Retail,5104833600,1645 Alvarado St,San Leandro,94577,"1645 Alvarado St
San Leandro, CA 94577
(37.718502689000445, -122.1607959959997)"
Blue Heron Catering,Restaurant,510-533-0781,3100 - 35th Avenue,Oakland,94619,"3100 - 35th Avenue
Oakland, CA 94619
(37.790696005000484, -122.20566498399972)"
Blue Sky Biofuels,Small Manufacturer,510-868-9229,851 49th Avenue,Oakland,94601,"851 49th Avenue
Oakland, CA 94601
(37.76640376500046, -122.21385754499971)"
Bobby G's Pizzeria,Restaurant,510-665-8866,2072 University Ave.,Berkeley,94704,"2072 University Ave.
Berkeley, CA 94704
(37.87199998700049, -122.26905043699969)"
Body Mind & Spirit Massage Therapy Center,Office/Retail,510 547-6716,6206 Claremont Ave,Oakland,94618,"6206 Claremont Ave
Oakland, CA 94618
(37.84958923200048, -122.25211144699972)"
Borden Lighting,Small Manufacturer,510-357-0171,999 Montague St.,San Leandro,94577,"999 Montague St.
San Leandro, CA 94577
(37.710316073000456, -122.15759709699972)"
Bo's Imports,Auto Repair,510 784-0158,28184 Industrial Blvd,Hayward,94545,"28184 Industrial Blvd
Hayward, CA 94545
(37.61977623000047, -122.09811585799969)"
Bregante + Company LLP,Office/Retail,9254160550,"4309 Hacienda Dr., Ste. 400",Pleasanton,94588,"4309 Hacienda Dr., Ste. 400
Pleasanton, CA 94588
(37.691688841000484, -121.89467574999969)"
Brewed Awakening,Restaurant,5105408865,1807 Euclid Ave.,Berkeley,94709,"1807 Euclid Ave.
Berkeley, CA 94709
(37.87590912900049, -122.26025058899972)"
Burns Employee Benefits,Office/Retail,510-459-0657,5653 Maxwelton Road,Oakland,94618,"5653 Maxwelton Road
Oakland, CA 94618
(37.833302770000444, -122.22491992999971)"
Cactus Taqueria - College,Restaurant,510-658-6180,5642 College Ave,Oakland,94609,"5642 College Ave
Oakland, CA 94609
(37.843908840000495, -122.25167201999972)"
Cactus Taqueria - Solano,Restaurant,5105281881,1881 Solano Avenue,Berkeley,94707,"1881 Solano Avenue
Berkeley, CA 94707
(37.89147741400046, -122.2778121069997)"
Cafe Gabriela,Restaurant,(510)763-2233,"988 Broadway, Unit 169",Oakland,94607,"988 Broadway, Unit 169
Oakland, CA 94607
(37.801406785000495, -122.27296140299973)"
Cafe Leila,Restaurant,510-525-7544,1724 San Pablo Avenue,Berkeley,94702,"1724 San Pablo Avenue
Berkeley, CA 94702
(37.87251028000048, -122.29335156099972)"
Cafe Tibet,Restaurant,510-548-5553,2020 University Avenue,Berkeley,94704,"2020 University Avenue
Berkeley, CA 94704
(37.87185935100047, -122.27013553099971)"
Cafe Zeb,Restaurant,642-9093,2745 Bancroft Way,Berkeley,94720,"2745 Bancroft Way
Berkeley, CA 94720
(37.869497916000455, -122.25328294199971)"
Caffe 817,Restaurant,510-271-7965,817 Washington Street,Oakland,94607,"817 Washington Street
Oakland, CA 94607
(37.800851726000474, -122.2749251249997)"
CAFFE STRADA,Restaurant,510-843-5282,2300 COLLEGE AV,Berkeley,94704,"2300 COLLEGE AV
Berkeley, CA 94704
(37.8692238430005, -122.25465668799973)"
Caledonian Building Services,Cleaning Services,925-803-3500,6370 Clark Avenue,Dublin,94568,"6370 Clark Avenue
Dublin, CA 94568
(37.704850225000484, -121.92040298999973)"
California Rose Catering Inc,Restaurant,510 644 4473,1012 Grayson Street #B,Berkeley,94710,"1012 Grayson Street #B
Berkeley, CA 94710
(37.855863403000455, -122.28948446399971)"
California State University East Bay/The Oakland Center,Office/Retail,510-208-7004,"1000 Broadway, Suite 109",Oakland,94607,"1000 Broadway, Suite 109
Oakland, CA 94607
(37.80187327800047, -122.2726717699997)"
Cancun,Restaurant,510-549-0964,2134 Allston Way,Berkeley,94704,"2134 Allston Way
Berkeley, CA 94704
(37.86952319900047, -122.26681604899971)"
Castro Valley/Eden Area Chamber of Commerce,Office/Retail,510-537-5300,3467 Castro Valley Blvd,Castro Valley,94546,"3467 Castro Valley Blvd
Castro Valley, CA 94546
(37.69557148500047, -122.07495934799971)"
Cato's Ale House,Restaurant,5106553349,3891 Piedmont Ave,Oakland,94611,"3891 Piedmont Ave
Oakland, CA 94611
(37.824863852000476, -122.25448752999972)"
CE2 Corporation,Office/Retail,925-463-7301,"6140 Stoneridge Mall Road, Suite 500",Pleasanton,94588,"6140 Stoneridge Mall Road, Suite 500
Pleasanton, CA 94588
(37.69715289600049, -121.92616274499971)"
"CEC Print Solutions, Inc.",Printer,510-670-0160,20939 Cabot Blvd.,Hayward,94545,"20939 Cabot Blvd.
Hayward, CA 94545
(37.65077222800045, -122.13810507799968)"
Cellotape Inc.,Small Manufacturer,510-651-5551,47623 Fremont Blvd,Fremont,94538,"47623 Fremont Blvd
Fremont, CA 94538
(37.474008926000465, -121.9423808949997)"
Center for Environmental Health,Office/Retail,510-655-3900,"2201 Broadway, Suite 302",Oakland,94612,"2201 Broadway, Suite 302
Oakland, CA 94612
(37.81107850900048, -122.26703634999973)"
Centerpointe Presbyterian Church,Schools,925-846-4436,3410 Cornerstone Court,Pleasanton,94566,"3410 Cornerstone Court
Pleasanton, CA 94566
(37.67700334600045, -121.86186286699973)"
CH2M HILL,Office/Retail,510-251-2426,155 Grand Avenue,Oakland,94612,"155 Grand Avenue
Oakland, CA 94612
(37.811103382000454, -122.26385384099973)"
Chabot Space & Science Center,Hotel,510-336-7300,10000 Skyline Blvd.,Oakland,94619,"10000 Skyline Blvd.
Oakland, CA 94619
(37.81719538000044, -122.1804052329997)"
Checkers Catering and Special Events,Restaurant,925-968-1121,83 Wright Brothers Ave.,Livermore,94551,"83 Wright Brothers Ave.
Livermore, CA 94551
(37.689873141000476, -121.80339922699972)"
Chez Panisse,Restaurant,510-548-5072,1517 Shattuck Avenue,Berkeley,94709,"1517 Shattuck Avenue
Berkeley, CA 94709
(37.87954448800048, -122.26914459899967)"
Christine Buck Communications,Office/Retail,510-521-9892,1131 Bay St.,Alameda,94501,"1131 Bay St.
Alameda, CA 94501
(37.76691187600045, -122.26489375299968)"
Circlepoint,Office/Retail,510-285-6700,"1814 Franklin St., Suite 1000",Oakland,94612,"1814 Franklin St., Suite 1000
Oakland, CA 94612
(37.80708349600047, -122.26788201799968)"
"City of Alameda Public Works Department, Administration",Office/Retail,510-747-7930,"950 W. Mall Square, Room 110",Alameda,94501,"950 W. Mall Square, Room 110
Alameda, CA 94501
(37.786585766000485, -122.30280209399973)"
"City of Alameda Public Works Department, Central Equipment Garage",Auto Repair,510-747-7930,2040 Grand Street,Alameda,94501,"2040 Grand Street
Alameda, CA 94501
(37.77693384200046, -122.25240041999967)"
City of Albany Community Center,Office/Retail,510-524-9283,1249 Marin Ave,Albany,94706,"1249 Marin Ave
Albany, CA 94706
(37.887673375000475, -122.29314650099968)"
City of Dublin Civic Center,Office/Retail,925-833-6650,100 Civic Plaza,Dublin,94568,"100 Civic Plaza
Dublin, CA 94568
(37.70436316000047, -121.9163092279997)"
City of Hayward - City Hall,Office/Retail,510-583-4713,777 B Street,Hayward,94541,"777 B Street
Hayward, CA 94541
(37.67130909000048, -122.08558174399968)"
City of Hayward - Main Library,Office/Retail,510-583-4713,835 C Street,Hayward,94541,"835 C Street
Hayward, CA 94541
(37.67058621600046, -122.08374423299972)"
City of Hayward - Utilities Center,Office/Retail,510-583-4713,24499 Soto Road,Hayward,94544,"24499 Soto Road
Hayward, CA 94544
(37.65874636400048, -122.0875824479997)"
City of Hayward - Weekes Branch Library,Office/Retail,510-583-4713,27300 Patrick Ave,Hayward,94544,"27300 Patrick Ave
Hayward, CA 94544
(37.63349399900045, -122.07933411199969)"
City of Oakland - City Center Complex,Office/Retail,510-238-6259,1 Frank Ogawa Plaza (City Hall),Oakland,94612,"1 Frank Ogawa Plaza (City Hall)
Oakland, CA 94612
(37.80648315500048, -122.26912945299972)"
City of Oakland 81st Avenue Library,Office/Retail,510-238-6259,1021 81st Avenue,Oakland,94621,"1021 81st Avenue
Oakland, CA 94621
(37.752929769000446, -122.18583810999968)"
City of Oakland Fire Station 18,Office/Retail,510-238-6259,Fire Station 18,Oakland,94601,"Fire Station 18
Oakland, CA 94601
(37.77926169600045, -122.21877952899968)"
City of Oakland Studio One Arts Center,Schools,510-238-6259,365 45th Street,Oakland,94609,"365 45th Street
Oakland, CA 94609
(37.8333134290005, -122.25730997799968)"
City of Pleasanton Operations Service Center,Auto Repair,925.931.5582,3333 Busch Road,Pleasanton,94566,"3333 Busch Road
Pleasanton, CA 94566
(37.67602678300045, -121.86155433899972)"
City of San Leandro PWD Equipment Maintenance,Auto Repair,510-577-3447,14200 Chapman Rd,San Leandro,94578,"14200 Chapman Rd
San Leandro, CA 94578
(37.70456027500046, -122.14385978899969)"
Clearwater Hydrology,Office/Retail,510-841-1836,2974 Adeline St.,Berkeley,94703,"2974 Adeline St.
Berkeley, CA 94703
(37.85491053500044, -122.2690963009997)"
Clif Bar & Company HQ,Office/Retail,510-596-6300,1451 66 Street,Emeryville,94608,"1451 66 Street
Emeryville, CA 94608
(37.84743214700046, -122.29342169799969)"
"Coe Studios, LLC",Office/Retail,510-527-2950,1214 4th Street,Berkeley,94710,"1214 4th Street
Berkeley, CA 94710
(37.88020065100045, -122.3039318919997)"
Cohousing California,Office/Retail,510-868-1627,2150 Allston Way #400,Berkeley,94704,"2150 Allston Way #400
Berkeley, CA 94704
(37.86953543800047, -122.26670798099968)"
Communitarian Visions,Office/Retail,510-549-8790,2150 Allston Way #400,Berkeley,94702,"2150 Allston Way #400
Berkeley, CA 94702
(37.86953543800047, -122.26670798099968)"
Community Design + Architecture,Office/Retail,510.839.4568,"350 Frank Ogawa Plaza, Fifth floor",Oakland,94612,"350 Frank Ogawa Plaza, Fifth floor
Oakland, CA 94612
(37.80648315500048, -122.26912945299972)"
Componere Fine Catering,Restaurant,1 (510) 420-0900,5836 San Pablo Avenue,Emeryville,94608,"5836 San Pablo Avenue
Emeryville, CA 94608
(37.841423748000466, -122.28311439399971)"
Computer Techs Personnel Staffing,Office/Retail,510-638-3471,"9308 International Blvd., #C",Oakland,94603,"9308 International Blvd., #C
Oakland, CA 94603
(37.74776496700048, -122.17287465799973)"
Conscious Creative,Office/Retail,510-540-4800,"2703 7th Street, Studio 365, Mailbox 119",Berkeley,94710,"2703 7th Street, Studio 365, Mailbox 119
Berkeley, CA 94710
(37.85678013600045, -122.29292754299968)"
Consumer Financial Service Corporation,Office/Retail,510.596.4100,"1500 Park Avenue, Suite 116",Emeryville,94608,"1500 Park Avenue, Suite 116
Emeryville, CA 94608
(37.83049808800047, -122.28930443399969)"
Cook!,Restaurant,415-513 5328,3310 Peralta Street,Oakland,94608,"3310 Peralta Street
Oakland, CA 94608
(37.82554015000045, -122.2825663269997)"
Copper Harbor,Small Manufacturer,510-639-4670,2300 Davis St.,San Leandro,94577,"2300 Davis St.
San Leandro, CA 94577
(37.71599766200046, -122.18817717599973)"
Costco Wholesale,Office/Retail,925-456-7200,2820 Independence Drive,Livermore,94551,"2820 Independence Drive
Livermore, CA 94551
(37.702697086000455, -121.81099364399972)"
Cowgirl Creative,Office/Retail,510-338-5206,3056 Champion St,Oakland,94602,"3056 Champion St
Oakland, CA 94602
(37.795137540000496, -122.21662906299969)"
Crab Cove Visitor Center,Office/Retail,510-544-3187,1252 McKay Ave,Alameda,94501,"1252 McKay Ave
Alameda, CA 94501
(37.76907157000045, -122.27839478799973)"
Creative Organizing,Office/Retail,510-415-2455,3854 Brookdale Bl.,Castro Valley,94546,"3854 Brookdale Bl.
Castro Valley, CA 94546
(37.716659748000495, -122.09190126099969)"
Crixa Cakes,Restaurant,510-548-0142,"2748 Adeline St, Suite C",Berkeley,94703,"2748 Adeline St, Suite C
Berkeley, CA 94703
(37.85863255300046, -122.2678405639997)"
Crogan's,Restaurant,510-339-2098,6101 La Salle Ave.,Oakland,94611,"6101 La Salle Ave.
Oakland, CA 94611
(37.82627373900044, -122.21048039999971)"
Crossroads Trading Company,Office/Retail,510-843-7606,2338 Shattuck Ave.,Berkeley,94704,"2338 Shattuck Ave.
Berkeley, CA 94704
(37.86677372000048, -122.26777160099971)"
Crossroads Trading Company - College,Office/Retail,510-420-1957,5901 College ave,Oakland,94618,"5901 College ave
Oakland, CA 94618
(37.84751805400049, -122.25211397399971)"
Crossroads Trading Company - Corporate Headquarters,Office/Retail,510-559-9600,1409 5th Street,Berkeley,94710,"1409 5th Street
Berkeley, CA 94710
(37.876950631000454, -122.30173718099968)"
Crown Worldwide Moving & Storage - San Leandro,Office/Retail,510-895-8050,14826 Wicks Boulevard,San Leandro,94577,"14826 Wicks Boulevard
San Leandro, CA 94577
(37.69344456700048, -122.16324314099973)"
Crown Worldwide Moving & Storage - Union City,Office/Retail,510-895-8050,32001 Dowe Avenue,Union City,94587,"32001 Dowe Avenue
Union City, CA 94587
(37.58912124700049, -122.0448973719997)"
Cultivating Capital,Office/Retail,510-485-9164,"2150 Allston Way, #400",Berkeley,94704,"2150 Allston Way, #400
Berkeley, CA 94704
(37.86953543800047, -122.26670798099968)"
Cultured,Restaurant,510-540-5185,"800 Bancroft Way, #105",Berkeley,94710,"800 Bancroft Way, #105
Berkeley, CA 94710
(37.86336308500046, -122.29672475899969)"
Curtis Instruments,Office/Retail,9259611088,235 E. Airway Blvd.,Livermore,94551,"235 E. Airway Blvd.
Livermore, CA 94551
(37.69705855100045, -121.80106122399968)"
Custom Print Inc. dba AdvancedPrinting,Printer,925-462-7055,1183 Quarry Lane,Pleasanton,94566,"1183 Quarry Lane
Pleasanton, CA 94566
(37.67166995000048, -121.8656245519997)"
Cutting Edge Capital,Office/Retail,510-834-4530,436 14th St. #1120,Oakland,94612,"436 14th St. #1120
Oakland, CA 94612
(37.80417695400047, -122.2707684239997)"
CVSan (Castro Valley Sanitary District),Office/Retail,5105370757,20140 Marshall St.,Castro Valley,94546,"20140 Marshall St.
Castro Valley, CA 94546
(37.69884997300045, -122.06559269999968)"
Dakota Press,Printer,510.895.1300,14400 Doolittle Drive,San Leandro,94577,"14400 Doolittle Drive
San Leandro, CA 94577
(37.69519824700046, -122.17378304799968)"
Dana Meyer Auto Care,Auto Repair,5105271938,660 San Pablo Ave.,Albany,94706,"660 San Pablo Ave.
Albany, CA 94706
(37.89444080700048, -122.30032181199971)"
"David Brower Center, Management Office",Office/Retail,510-486-0286,2150 Allston Way,Berkeley,94704,"2150 Allston Way
Berkeley, CA 94704
(37.86953543800047, -122.26670798099968)"
David Thorne Landscape Architect,Landscaper,510-451-6161,3315 Grand Avenue,Oakland,94610,"3315 Grand Avenue
Oakland, CA 94610
(37.812677461000476, -122.24720696499969)"
Del Conte's Landscaping,Landscaper,510-353-6030,41900 Boscell Road,Fremont,94538,"41900 Boscell Road
Fremont, CA 94538
(37.50766536600048, -121.98062119599967)"
Delgado Hauling and Cleaning Services,Office/Retail,510-282-2142,3621 Dimond Ave Apt 3,Oakland,94602,"3621 Dimond Ave Apt 3
Oakland, CA 94602
(37.80256260400046, -122.21658050199972)"
Delta Products Corporation - Fremont,Office/Retail,5106685100,4405 Cushing Parkway,Fremont,94538,"4405 Cushing Parkway
Fremont, CA 94538
(37.48988795500048, -121.9527437969997)"
Dental Comfort,Dentist,510-490-4300,4150 Walnut Ave,Fremont,94538,"4150 Walnut Ave
Fremont, CA 94538
(37.54596558500049, -121.98234688499969)"
"Design Energy Group, LLC",Office/Retail,925.271.9302,7020 Koll Center Parkway Suite 100,Pleasanton,94566,"7020 Koll Center Parkway Suite 100
Pleasanton, CA 94566
(37.66201701200049, -121.90167797899971)"
Devco-Design & Construction & Energy Management,Home Remodel,510-652-6066,3195 Adeline Street,Berkeley,94703,"3195 Adeline Street
Berkeley, CA 94703
(37.85094099800045, -122.27056470599967)"
dFares,Office/Retail,5102702127,"43575 Mission Blvd., Ste. 427",Fremont,94539,"43575 Mission Blvd., Ste. 427
Fremont, CA 94539
(37.52854810700046, -121.91873860799973)"
DNV GL - Oakland,Office/Retail,510-891-0446,"155 Grand Ave., Suite 500",Oakland,94612,"155 Grand Ave., Suite 500
Oakland, CA 94612
(37.811103382000454, -122.26385384099973)"
Dollars & Sense Taxes & Accounting,Office/Retail,510-444-9555,"1611 Telegraph Ave, #1010",Oakland,94612,"1611 Telegraph Ave, #1010
Oakland, CA 94612
(37.80631836700047, -122.27042257699969)"
Donahue Gallagher Woods LLP,Office/Retail,510-451-0544,"1999 Harrison Street, 25th Floor",Oakland,94612,"1999 Harrison Street, 25th Floor
Oakland, CA 94612
(37.807537125000465, -122.26475636099968)"
DoubleTree by Hilton Berkeley Marina,Hotel,5105487920,200 Marina Blvd,Berkeley,94710,"200 Marina Blvd
Berkeley, CA 94710
(37.86865502700044, -122.31315844199969)"
Downtown Berkeley Inn,Hotel,510-843-4043,2001 Bancroft Way,Berkeley,94704,"2001 Bancroft Way
Berkeley, CA 94704
(37.867317828000466, -122.26997368599973)"
Drafting Cafe,Office/Retail,510-457-5086,2701 13th Ave,Oakland,94606,"2701 13th Ave
Oakland, CA 94606
(37.79845980900046, -122.23596454899968)"
DRAGA Designs,Office/Retail,510-473-4002,2128 108th Avenue,Oakland,94603,"2128 108th Avenue
Oakland, CA 94603
(37.73993339600048, -122.15717170299968)"
Dublin San Ramon Services District Administrative Office,Office/Retail,(925) 828-0515,7051 Dublin Blvd.,Dublin,94568,"7051 Dublin Blvd.
Dublin, CA 94568
(37.70566317200047, -121.92070446599968)"
East Bay Cohousing,Office/Retail,510-549-8790,"2220 Sacramento St., Unit N",Berkeley,94702,"2220 Sacramento St., Unit N
Berkeley, CA 94702
(37.8664863730005, -122.28169341799969)"
East Bay Community Foundation,Office/Retail,510-208-3391,200 Frank H. Ogawa Plaza,Oakland,94612,"200 Frank H. Ogawa Plaza
Oakland, CA 94612
(37.805706028000486, -122.27201797599969)"
East Bay Regional Park District Lake Chabot Corporation Yard,Auto Repair,510-690-6670,17900 Lake Chabot Road,Castro Valley,94546,"17900 Lake Chabot Road
Castro Valley, CA 94546
(37.713614935000464, -122.09934582199969)"
"East Bay Regional Park District, Exhibit Design",Office/Retail,510-544-3190,1252 McKay Avenue,Alameda,,"1252 McKay Avenue
Alameda, CA 94501-7805
(37.76907157000045, -122.27839478799973)"
EBMUD Fleet Maintenance,Auto Repair,510-287-0878,1199 21st St.,Oakland,94607,"1199 21st St.
Oakland, CA 94607
(37.81461634800047, -122.28536058299972)"
EBMUD Reprographics,Printer,510-986-7705,"1200 21st Street, MS 54-A",Oakland,94607,"1200 21st Street, MS 54-A
Oakland, CA 94607
(37.814817690000496, -122.28598334899971)"
Ecfloro,Office/Retail,510-463-1477,505 Lancaster St. #1,Oakland,94601,"505 Lancaster St. #1
Oakland, CA 94601
(37.77150044400048, -122.23018888399969)"
EcoHome Improvement,Office/Retail,5106443500,2619 San Pablo Ave.,Berkeley,94702,"2619 San Pablo Ave.
Berkeley, CA 94702
(37.85863018400045, -122.28866722099968)"
Ecology Center Environmental Resource Center,Office/Retail,(510) 548-2220,2530 San Pablo Avenue,Berkeley,94702,"2530 San Pablo Avenue
Berkeley, CA 94702
(37.86005976600046, -122.28933167499969)"
Ecology Center Recycling Program,Auto Repair,5105275555,1231 2nd St.,Berkeley,94710,"1231 2nd St.
Berkeley, CA 94710
(37.87930873300047, -122.30598947199968)"
Economic and Planning Systems,Office/Retail,510-841-9190,2501 9th Street,Berkeley,94710,"2501 9th Street
Berkeley, CA 94710
(37.86057356400045, -122.2917649479997)"
EDesignC,Office/Retail,510-433-0913,212 9th St.,Oakland,94607,"212 9th St.
Oakland, CA 94607
(37.79876657200049, -122.26786898999973)"
Electrical Workers Union â€“ IBEW 595,Office/Retail,925-556-0595,6250 Village Parkway,Dublin,94568,"6250 Village Parkway
Dublin, CA 94568
(37.70424713600045, -121.92196809899968)"
"Electro Imaging Systems (EIS), Inc.",Office/Retail,9253714100,6553 Las Positas Rd.,Livermore,94551,"6553 Las Positas Rd.
Livermore, CA 94551
(37.705274285000485, -121.71421229199973)"
Electrocompaniet Inc.,Office/Retail,510-291-1222,97 Linden St,Oakland,94607,"97 Linden St
Oakland, CA 94607
(37.79967625700044, -122.28740846999972)"
eLock Technologies,Office/Retail,510-549-2853,800 Heinz Ave #11,Berkeley,94710,"800 Heinz Ave #11
Berkeley, CA 94710
(37.85305398300045, -122.29381348099969)"
ELS Architecture and Urban Design,Home Remodel,510-549-2929,2040 Addison Street,Berkeley,94704,"2040 Addison Street
Berkeley, CA 94704
(37.87091002000045, -122.27005428399968)"
"Emerald Packaging, Inc",Small Manufacturer,510-429-5700,33050 Western Avenue,Union City,94587,"33050 Western Avenue
Union City, CA 94587
(37.60141077500049, -122.03242495099971)"
Emeryville Chamber of Commerce,Office/Retail,510-652-5223,3980 Harlan St.,Emeryville,94608,"3980 Harlan St.
Emeryville, CA 94608
(37.830223797000485, -122.28316376599969)"
"Endodontic Care Center, Dr. James Y.S. Ho",Dentist,510-848-2001,3017 Telegraph Ave #200,Berkeley,94705,"3017 Telegraph Ave #200
Berkeley, CA 94705
(37.85552703100046, -122.25972498899972)"
Energy Solutions,Office/Retail,510-482-4420,"449 15th St, Ste. 200",Oakland,94612,"449 15th St, Ste. 200
Oakland, CA 94612
(37.80512448200045, -122.27024017699972)"
Energy Solutions,Office/Retail,510-482-4420,1610 Harrison St.,Oakland,94612,"1610 Harrison St.
Oakland, CA 94612
(37.80483311800049, -122.26635176099973)"
Environmental & Public Health Consulting,Office/Retail,5107697008,1246 Saint Charles Street,Alameda,94501,"1246 Saint Charles Street
Alameda, CA 94501
(37.76826921000048, -122.2660142039997)"
Environmental Vision,Office/Retail,510-540-4882,"2550 Ninth St, Ste 205",Berkeley,94710,"2550 Ninth St, Ste 205
Berkeley, CA 94710
(37.85951020000044, -122.29150151399972)"
EnviroSystems Group,Office/Retail,510-531-5377,154 Frisbie Street #3,Oakland,94611,"154 Frisbie Street #3
Oakland, CA 94611
(37.81840526600047, -122.25877509299971)"
Equilibrium Energy + Design,Office/Retail,510-931-6361,214 Grand Ave #34,Oakland,94610,"214 Grand Ave #34
Oakland, CA 94610
(37.81043300500045, -122.26008978699969)"
ESA,Office/Retail,510-839-5066,"350 Frank H. Ogawa Plaza, Suite 300",Oakland,94612,"350 Frank H. Ogawa Plaza, Suite 300
Oakland, CA 94612
(37.80564325300048, -122.2716484399997)"
ESA,Office/Retail,510-839-5066,350 Frank Ogawa Plaza Suite 300,Oakland,94612,"350 Frank Ogawa Plaza Suite 300
Oakland, CA 94612
(37.80648315500048, -122.26912945299972)"
Escuela Bilingue Internacional - Emeryville,Schools,510-653-3324,4550 San Pablo,Emeryville,94608,"4550 San Pablo
Emeryville, CA 94608
(37.83530086900049, -122.28114740499973)"
Escuela Bilingue Internacional - Oakland,Schools,510-653-3324,410 Alcatraz Avenue,Oakland,94609,"410 Alcatraz Avenue
Oakland, CA 94609
(37.8506437530005, -122.2573474889997)"
Essentia,Office/Retail,510-525-6300,1799D 4th Street,Berkeley,94710,"1799D 4th Street
Berkeley, CA 94710
(37.87043646000046, -122.30074287699972)"
Everett Graphics,Printer,510-577-6777,7300 Edgewater Drive,Oakland,94621,"7300 Edgewater Drive
Oakland, CA 94621
(37.74595138000046, -122.2064857799997)"
Evergreen Printing,Printer,(510) 482-4547,2412 Palmetto Street,Oakland,94602,"2412 Palmetto Street
Oakland, CA 94602
(37.799067411000465, -122.21461201399973)"
Excel Graphics,Printer,510-522-0462,1825 Clement Avenue,Alameda,94501,"1825 Clement Avenue
Alameda, CA 94501
(37.77506008100045, -122.2502085159997)"
EXP Pharmaceutical Services Corp.,Office/Retail,5109330936,48021 Warm Springs Blvd.,Fremont,94539,"48021 Warm Springs Blvd.
Fremont, CA 94539
(37.47463973100048, -121.92088589799971)"
Fair Trade USA,Office/Retail,(510) 663-5260,"1500 Broadway, Suite 400",Oakland,94612,"1500 Broadway, Suite 400
Oakland, CA 94612
(37.80564325300048, -122.2703420359997)"
FA-LA-LA LLC,Restaurant,510-704-0454,2518-B Durant Ave,Berkeley,94704,"2518-B Durant Ave
Berkeley, CA 94704
(37.86784948500048, -122.2585074059997)"
Farley's East,Restaurant,510-835-7898,33 Grand Avenue,Oakland,94612,"33 Grand Avenue
Oakland, CA 94612
(37.8114166310005, -122.26624900099972)"
Farley's on 65th,Restaurant,510-879-7026,1195 65th Street,Emeryville,94608,"1195 65th Street
Emeryville, CA 94608
(37.84744343600045, -122.28809396699972)"
Fellini Coffeebar,Restaurant,510-708-1058,1401 University Avenue,Berkeley,94702,"1401 University Avenue
Berkeley, CA 94702
(37.87024805700048, -122.28393313599969)"
FIFO@Haas,Restaurant,510-649-1633,2220 Piedmont Ave,Berkeley,94720,"2220 Piedmont Ave
Berkeley, CA 94720
(37.871072865000485, -122.25280101699968)"
Filippo's - Oakland,Restaurant,510-601-8646,5400 College Avenue,Oakland,94618,"5400 College Avenue
Oakland, CA 94618
(37.840333425000495, -122.25130502199971)"
First Street Ale House,Restaurant,925-371-6588,2106 First Street,Livermore,94550,"2106 First Street
Livermore, CA 94550
(37.681376093000495, -121.7697580849997)"
Five Little Monkeys,Office/Retail,5105284411,1224 Solano Ave.,Albany,94706,"1224 Solano Ave.
Albany, CA 94706
(37.89046570000045, -122.29495840099969)"
Flowers & Errands,Office/Retail,510 689 4437,Frank Ogawa Plaza Kiosk A,Oakland,94612,"Frank Ogawa Plaza Kiosk A
Oakland, CA 94612
(37.80648315500048, -122.26912945299972)"
Flowing River Clinic,Office/Retail,510-893-2929,2929 Summit Street Suite 102,Oakland,94609,"2929 Summit Street Suite 102
Oakland, CA 94609
(37.81834841500046, -122.2648428229997)"
"FolgerGraphics, Inc.",Printer,5108875656,21093 Forbes Avenue,Hayward,94545,"21093 Forbes Avenue
Hayward, CA 94545
(37.64724979400046, -122.13311397599972)"
Four Points Sheraton,Hotel,510-547-7888,1603 Powell Street,Emeryville,94608,"1603 Powell Street
Emeryville, CA 94608
(37.83867288300047, -122.29349487499968)"
Fox Courts - RCD/JSCo,Property Managers,510-433-0987,550 18th Street,Oakland,94612,"550 18th Street
Oakland, CA 94612
(37.80786486800048, -122.2716690099997)"
Freehouse,Restaurant,5106472300,2700 Bancroft Way,Berkeley,94704,"2700 Bancroft Way
Berkeley, CA 94704
(37.86934903800045, -122.2539777929997)"
Freight & Salvage Coffeehouse,Office/Retail,(510) 644-2020,2020 Addison Street,Berkeley,94704,"2020 Addison Street
Berkeley, CA 94704
(37.870879957000454, -122.27028171099971)"
Fremont Bank Operations Center,Office/Retail,510-723-5940,25151 Clawiter Road,Hayward,94545,"25151 Clawiter Road
Hayward, CA 94545
(37.63743235300046, -122.11978056899972)"
Full Court Press Communications,Office/Retail,510-465-8294,"409 13th Street, 13th Floor",Oakland,94612,"409 13th Street, 13th Floor
Oakland, CA 94612
(37.80329456900046, -122.27085962399968)"
Gather Restaurant,Restaurant,510-809-0400,2200 Oxford Street,Berkeley,94704,"2200 Oxford Street
Berkeley, CA 94704
(37.86960920600046, -122.26594219199973)"
Gaumenkitzel,Restaurant,510-6475016,2121 San Pablo Ave,Berkeley,94702,"2121 San Pablo Ave
Berkeley, CA 94702
(37.86754049700045, -122.29153704599969)"
Geoffrey Holton & Associates,Home Remodel,510-663-9797,1743 Alcatraz Avenue,Berkeley,94703,"1743 Alcatraz Avenue
Berkeley, CA 94703
(37.84863732000048, -122.2724135689997)"
Geoffrey Holton & Associates,Office/Retail,510-663-9797,"339 15th Street, Suite 212",Oakland,94612,"339 15th Street, Suite 212
Oakland, CA 94612
(37.80420578100046, -122.26787904099967)"
Gerlind Institute for Cultural Studies,Office/Retail,(510) 430-2673,2128 108th Ave.,Oakland,94603,"2128 108th Ave.
Oakland, CA 94603
(37.73993339600048, -122.15717170299968)"
Gingerleaf Floral,Office/Retail,510-406-2638,397 43rd St.,Oakland,94609,"397 43rd St.
Oakland, CA 94609
(37.831913457000496, -122.25866612699969)"
Give Something Back - Oakland,Office/Retail,800-261-2619,7730 Pardee Lane,Oakland,94621,"7730 Pardee Lane
Oakland, CA 94621
(37.74254501900049, -122.20556549299971)"
Give Something Back - WH,Office/Retail,800-261-2619,2986 Alvarado Street unit H,San Leandro,94577,"2986 Alvarado Street unit H
San Leandro, CA 94577
(37.705965140000444, -122.15240515799968)"
Go Green Now LLC,Cleaning Services,510-472-9327,425 Creighton Way,Oakland,94619,"425 Creighton Way
Oakland, CA 94619
(37.799797008000496, -122.17963639899972)"
Golden Gate Litho,Printer,510-568-5335,11144 Golf Links Road,Oakland,94605,"11144 Golf Links Road
Oakland, CA 94605
(37.75032777300049, -122.12357237299972)"
Gorgeous and Green Events,Office/Retail,510-665 7974,2524 San Pablo Ave,Berkeley,94702,"2524 San Pablo Ave
Berkeley, CA 94702
(37.860390818000496, -122.28944344899969)"
Goza Gear Screen Printing & Embroidery,Small Manufacturer,8008849994,"60 Rickenbacker Circle, Unit B",Livermore,94551,"60 Rickenbacker Circle, Unit B
Livermore, CA 94551
(37.69101846500047, -121.80359939299973)"
Grace Street Catering,Restaurant,510-523-1600,4629 Martin Luther King Jr. Way,Oakland,94609,"4629 Martin Luther King Jr. Way
Oakland, CA 94609
(37.83468083800045, -122.26721809299971)"
Grandma's Garage,Auto Repair,510-527-1065,821 Gilman St.,Berkeley,94710,"821 Gilman St.
Berkeley, CA 94710
(37.879337216000465, -122.30162466199971)"
Gratitude Gourmet,Office/Retail,4089100055,36262 Crystal Springs Dr.,Newark,94560,"36262 Crystal Springs Dr.
Newark, CA 94560
(37.533929041000476, -122.0597575699997)"
Green & Healthy Cleaning Solutions,Cleaning Services,510-379-6457,2312 35th Avenue,Oakland,94601,"2312 35th Avenue
Oakland, CA 94601
(37.78600254000048, -122.21369861299968)"
Green Carpet Clean,Cleaning Services,510-472-9327,425 Creighton Way,Oakland,94619,"425 Creighton Way
Oakland, CA 94619
(37.799797008000496, -122.17963639899972)"
Green Copy,Office/Retail,510-547-0646,5267 Broadway,Oakland,94618,"5267 Broadway
Oakland, CA 94618
(37.83703470400047, -122.25082901499968)"
Green Leaf Cleaners,Garment Cleaning,(510)505-9000,3918 Decoto Rd,Fremont,94555,"3918 Decoto Rd
Fremont, CA 94555
(37.571445732000484, -122.03177289599972)"
"Green Peak Insurance Solutions, Inc",Office/Retail,5105731108,38003 Mission Blvd Suite B,Fremont,94538,"38003 Mission Blvd Suite B
Fremont, CA 94538
(37.57636667100047, -121.97163578099969)"
"Green Retirement Plans, Inc.",Office/Retail,510-638-6331,"8080 Capwell Drive, Suite 202",Oakland,94621,"8080 Capwell Drive, Suite 202
Oakland, CA 94621
(37.73862367400045, -122.20291499499967)"
Green Spectrum,Home Remodel,415-999-4607,845 55th Street,Oakland,94608,"845 55th Street
Oakland, CA 94608
(37.839552900000456, -122.27138668599969)"
Green Star Solution,Office/Retail,5105740750,36262 Crystal Springs Dr,Newark,94560,"36262 Crystal Springs Dr
Newark, CA 94560
(37.533929041000476, -122.0597575699997)"
Greenberg Brand Strategy,Office/Retail,510-446-8156,1250 53rd St. Suite 5,Emeryville,94608,"1250 53rd St. Suite 5
Emeryville, CA 94608
(37.836357362000456, -122.28638486399973)"
"GreenHeart Global, Inc.",Office/Retail,510-261-7343,"1148 E. 18th St., #5",Oakland,94606,"1148 E. 18th St., #5
Oakland, CA 94606
(37.793462786000475, -122.24451953999971)"
Gregoire - Berkeley,Restaurant,510-883-1893,2109 Cedar St.,Berkeley,94709,"2109 Cedar St.
Berkeley, CA 94709
(37.87851760500047, -122.2685026479997)"
Gregoire Oakland,Restaurant,510 547 3444,4001 Piedmont Ave,Oakland,94611,"4001 Piedmont Ave
Oakland, CA 94611
(37.82575565600047, -122.2533196169997)"
Grove Street Kids,Office/Retail,510-843-5437,"1385 Shattuck Avenue, Suite A",Berkeley,94709,"1385 Shattuck Avenue, Suite A
Berkeley, CA 94709
(37.88227455200047, -122.26955440499972)"
Grub N Go,Restaurant,510-540-5282,2109 Allston Way,Berkeley,94704,"2109 Allston Way
Berkeley, CA 94704
(37.86948880900047, -122.2674847729997)"
Hacienda Business Park Owners Association,Office/Retail,(925) 734-6500,"4473 Willow Road, Suite 105",Pleasanton,94588,"4473 Willow Road, Suite 105
Pleasanton, CA 94588
(37.688489751000475, -121.89833439099971)"
Halbright Photography,Office/Retail,510-655-2633,2159 Emerson Street,Berkeley,94705,"2159 Emerson Street
Berkeley, CA 94705
(37.854747689000476, -122.26487243299971)"
Harley Ellis Devereaux,Home Remodel,510-268-3800,"360 17th St., Ste 210",Oakland,94612,"360 17th St., Ste 210
Oakland, CA 94612
(37.805869766000455, -122.26762208099973)"
Hatch,Office/Retail,510-339-7346,2054 Mountain Ave,Oakland,94611,"2054 Mountain Ave
Oakland, CA 94611
(37.82659642300047, -122.20940868699972)"
Head-Royce School,Hotel,510-531-1300,4315 Lincoln Ave,Oakland,94602,"4315 Lincoln Ave
Oakland, CA 94602
(37.808285671000476, -122.20436213299968)"
"Henn, Etzel & Moore",Office/Retail,510-893-6300,"1970 Broadway, 9th Floor",Oakland,94612,"1970 Broadway, 9th Floor
Oakland, CA 94612
(37.80879378300045, -122.26835222899967)"
Henry's Restaurant,Restaurant,510-809-4120,2600 Durant Ave.,Berkeley,94704,"2600 Durant Ave.
Berkeley, CA 94704
(37.868133887000454, -122.25633520999969)"
Herbivore,Restaurant,5106651675,2451 Shattuck Avenue,Berkeley,94704,"2451 Shattuck Avenue
Berkeley, CA 94704
(37.864413656000465, -122.26723532999972)"
Hesperian Cleaners Inc.,Garment Cleaning,510-481-5825,15848 Hesperian Blvd.,San Lorenzo,94580,"15848 Hesperian Blvd.
San Lorenzo, CA 94580
(37.68213228700046, -122.12839938199971)"
Hines 2100 Powell,Property Managers,510-658-2400,"2100 Powell Street, Suite 125",Emeryville,94608,"2100 Powell Street, Suite 125
Emeryville, CA 94608
(37.837197225000466, -122.30167807299972)"
"Hive, the place to bee",Restaurant,510-482-4428,2139 MacArthur Blvd,Oakland,94602,"2139 MacArthur Blvd
Oakland, CA 94602
(37.80051705200049, -122.21680869499971)"
Holiday Inn Express & Suites,Hotel,510-548-1700,1175 University Avenue,Berkeley,94710,"1175 University Avenue
Berkeley, CA 94710
(37.869408311000484, -122.29045331099968)"
Holmgren and Associates,Office/Retail,510-339-2121,1900 Mountain Boulevard,Oakland,94611,"1900 Mountain Boulevard
Oakland, CA 94611
(37.82912062000048, -122.2108171649997)"
Homemade Cafe,Restaurant,510-8451940,2454 Sacramento St.,Berkeley,94702,"2454 Sacramento St.
Berkeley, CA 94702
(37.86300683100046, -122.28131344699972)"
Homewood Suites Oakland - Waterfront,Hotel,510-663-2700,1103 Embarcadero,Oakland,94606,"1103 Embarcadero
Oakland, CA 94606
(37.78817145400046, -122.25139369399972)"
Hotel Durant,Hotel,5108094120,2600 Durant Ave.,Berkeley,94704,"2600 Durant Ave.
Berkeley, CA 94704
(37.868133887000454, -122.25633520999969)"
Hotel Shattuck Plaza,Hotel,510-845-7300,2086 Allston Way,Berkeley,94704,"2086 Allston Way
Berkeley, CA 94704
(37.86933673900046, -122.26820962899973)"
Hugh Groman Catering & Greenleaf Platters,Restaurant,510-647-5165,2315 Dwight Way,Berkeley,94704,"2315 Dwight Way
Berkeley, CA 94704
(37.86465764400049, -122.26226317899972)"
I Song Orthodontics,Dentist,510-528-2220,1301 Solano Ave. Suite 101,Albany,94706,"1301 Solano Ave. Suite 101
Albany, CA 94706
(37.890657803000465, -122.29266104999971)"
I.T. Pro Source,Office/Retail,925-455-7701,"2600 Kitty Hawk Road, Suite 115",Livermore,94551,"2600 Kitty Hawk Road, Suite 115
Livermore, CA 94551
(37.70054348700046, -121.81284015599971)"
ImageX,Printer,925-251-5600,6150 Stoneridge Mall Rd. suite 200,Pleasanton,94588,"6150 Stoneridge Mall Rd. suite 200
Pleasanton, CA 94588
(37.696856367000464, -121.92600223999972)"
Impact Printing,Printer,5107837977,23278 Bernhardt Street,Hayward,94545,"23278 Bernhardt Street
Hayward, CA 94545
(37.64204076100049, -122.1330950259997)"
In & Out Printing,Printer,510-351-7007,14628 Wicks Boulevard,San Leandro,94577,"14628 Wicks Boulevard
San Leandro, CA 94577
(37.69560084100044, -122.16382802699968)"
In Motion Center,Office/Retail,510-261-4570,1091 Calcot Place Suite412,Oakland,94606,"1091 Calcot Place Suite412
Oakland, CA 94606
(37.78136167300045, -122.2378809229997)"
Ingraham DeJesse Associates Inc.,Office/Retail,510-834-1629,"1629 Telegraph Avenue, Suite 300",Oakland,94612,"1629 Telegraph Avenue, Suite 300
Oakland, CA 94612
(37.80634081600044, -122.27041920399972)"
Inkworks Press,Printer,510-845-7111,2827 Seventh Street,Berkeley,94710,"2827 Seventh Street
Berkeley, CA 94710
(37.854310642000485, -122.2921470169997)"
Innate Chiropractic & Wellness Studio,Office/Retail,510-528-5216,916A San Pablo Avenue,Albany,94706,"916A San Pablo Avenue
Albany, CA 94706
(37.88973199600048, -122.29881099299968)"
Instor Solutions,Office/Retail,510 490 7475,44053 South Grimmer Blvd,Fremont,94538,"44053 South Grimmer Blvd
Fremont, CA 94538
(37.50439697200045, -121.9581056189997)"
"Integral Group, Inc.",Office/Retail,5106632070,427 13th St.,Oakland,94612,"427 13th St.
Oakland, CA 94612
(37.803267796000455, -122.27078423599971)"
Italian Colors,Restaurant,(510) 482-8094,2220 Mountain Boulevard,Oakland,94611,"2220 Mountain Boulevard
Oakland, CA 94611
(37.823112110000466, -122.20796747599968)"
Javelin Strategy & Research,Office/Retail,(925) 225-9100,"4301 Hacienda Drive, Suite 550",Pleasanton,94588,"4301 Hacienda Drive, Suite 550
Pleasanton, CA 94588
(37.694364101000474, -121.89456966399968)"
JBC Business Cards and Construction Support,Printer,510-638-3471,"9308 International Blvd., #C",Oakland,,"9308 International Blvd., #C
Oakland, CA 94603-1404
(37.74776496700048, -122.17287465799973)"
Jimmy Beans,Restaurant,510-528-3435,1290 6th St.,Berkeley,94710,"1290 6th St.
Berkeley, CA 94710
(37.879577207000466, -122.3014465389997)"
Jordan Rothstein CMT,Office/Retail,510 548-2594,1543 Shattuck Ave #101,Berkeley,94709,"1543 Shattuck Ave #101
Berkeley, CA 94709
(37.87868460700048, -122.26903563199971)"
"Julie Holcomb Printers, Inc.",Printer,5106546416,1601 63rd St.,Emeryville,94608,"1601 63rd St.
Emeryville, CA 94608
(37.84368740700046, -122.2913944879997)"
Julie's Cafe,Restaurant,925 216 5955,2562 Bancroft Way,Berkeley,94704,"2562 Bancroft Way
Berkeley, CA 94704
(37.868862110000464, -122.25789075599971)"
Jupiter,Restaurant,5108838277,2181 Shattuck Ave.,Berkeley,94704,"2181 Shattuck Ave.
Berkeley, CA 94704
(37.869808641000475, -122.26781450699968)"
K/P Corporation,Printer,510-351-5400,13951 Washington Ave.,San Leandro,94578,"13951 Washington Ave.
San Leandro, CA 94578
(37.70914230000045, -122.14601574899973)"
Kahlers Werkstatt,Auto Repair,9258292050,6117 Dougherty Rd.,Dublin,94568,"6117 Dougherty Rd.
Dublin, CA 94568
(37.70739174300047, -121.91030521899972)"
Karmakanix Audi/ VW & Porsche,Auto Repair,510-558-0111,707 Jones st,Berkeley,94710,"707 Jones st
Berkeley, CA 94710
(37.87470736000046, -122.30292514399969)"
Kate's Caring Gifts,Office/Retail,510-656-4438,36094 Asquith Place,Fremont,94536,"36094 Asquith Place
Fremont, CA 94536
(37.56149735700046, -122.0236626889997)"
Katovich & Kassan Law Group,Office/Retail,510-834-4530,436 14th St. #1120,Oakland,94612,"436 14th St. #1120
Oakland, CA 94612
(37.80417695400047, -122.2707684239997)"
Keetsa,Office/Retail,(510) 848-8970,2117 San Pablo Avenue,Berkeley,94702,"2117 San Pablo Avenue
Berkeley, CA 94702
(37.86754049700045, -122.29153704599969)"
"Kelly E. Lux, State Farm Insurance Agency",Office/Retail,510-521-1222,564 Park St.,Alameda,94501,"564 Park St.
Alameda, CA 94501
(37.75663551700046, -122.2489718809997)"
Kilalo,Office/Retail,510-338-0791,2067 Mountain Boulevard,Oakland,94611,"2067 Mountain Boulevard
Oakland, CA 94611
(37.82624348000047, -122.2093959449997)"
Kit Kitayama Elementary - New Haven Unified School District,Schools,510-475-3982,1959 Sunsprite Drive,Union City,94587,"1959 Sunsprite Drive
Union City, CA 94587
(37.60146941800048, -122.04988038799968)"
Know Audio,Small Manufacturer,510-903-1498,3421A Hollis St,Oakland,94608,"3421A Hollis St
Oakland, CA 94608
(37.82626820700045, -122.28425124599971)"
Knudsen's Ice Creamery,Restaurant,510-582-2775,3323 Castro Valley Blvd.,Castro Valley,,"3323 Castro Valley Blvd.
Castro Valley, CA 94546-5601
(37.69554402600045, -122.07847194099969)"
KONO (Koreatown Northgate) CBD,Office/Retail,510-343-5439,"2633 Telegraph Avenue, Suite 107",Oakland,94612,"2633 Telegraph Avenue, Suite 107
Oakland, CA 94612
(37.81564530300045, -122.2680895789997)"
Kortick Manufacturing,Small Manufacturer,5108563600,2230 Davis Court,Hayward,94545,"2230 Davis Court
Hayward, CA 94545
(37.64675352700044, -122.13013873899968)"
kW Engineering,Office/Retail,510-834-6420,"287 17th Street, Suite 300",Oakland,94612,"287 17th Street, Suite 300
Oakland, CA 94612
(37.80517597600044, -122.26573893399973)"
L J Kruse,Office/Retail,5106440260,920 Pardee St.,Berkeley,94710,"920 Pardee St.
Berkeley, CA 94710
(37.85619385300049, -122.29216241399968)"
La Bonita Taqueria,Restaurant,510-663-3007,2200 Broadway,Oakland,94612,"2200 Broadway
Oakland, CA 94612
(37.811007504000486, -122.26700529399972)"
La Bonne Cuisine Catering and Events,Restaurant,5105493760,2321 Filbert Street,Oakland,94607,"2321 Filbert Street
Oakland, CA 94607
(37.816062504000456, -122.2803502969997)"
La Note,Restaurant,5108431535,2377 Shattuck Ave.,Berkeley,94704,"2377 Shattuck Ave.
Berkeley, CA 94704
(37.866180845000486, -122.26743097199972)"
Label Innovators,Printer,925-449-1419,1001 Shannon Court # D,Livermore,94550,"1001 Shannon Court # D
Livermore, CA 94550
(37.69696064800047, -121.71049414199967)"
Labrys Health Care Circle,Office/Retail,510-658-9066,6536 Telegraph Ave,Oakland,94609,"6536 Telegraph Ave
Oakland, CA 94609
(37.85181509200049, -122.26027573899972)"
Lake Merritt Dental,Dentist,510-839-4886,1900 Webster St. Suite A,Oakland,94612,"1900 Webster St. Suite A
Oakland, CA 94612
(37.80703375100046, -122.26645243599972)"
Landmark Labels Manufacturing Inc.,Printer,510-651-5551,47623 Fremont Blvd,Fremont,94538,"47623 Fremont Blvd
Fremont, CA 94538
(37.474008926000465, -121.9423808949997)"
Langan Treadwell Rollo,Office/Retail,510-874-4500,"501 14th St., 3rd Floor",Oakland,94612,"501 14th St., 3rd Floor
Oakland, CA 94612
(37.804848190000484, -122.27251960499973)"
Las Bougainvilleas - Unity Council Property,Property Managers,510.535.6932,1223 37th Avenue,Oakland,94601,"1223 37th Avenue
Oakland, CA 94601
(37.77462948900046, -122.22131458699971)"
Lazer Image,Office/Retail,5106443339,61 Shattuck Square,Berkeley,94704,"61 Shattuck Square
Berkeley, CA 94704
(37.87178756300045, -122.26830882399969)"
Le Bateau Ivre,Restaurant,510-845-8796,2629 Telegraph Avenue,Berkeley,94704,"2629 Telegraph Avenue
Berkeley, CA 94704
(37.86241959200049, -122.2587853389997)"
LED Services Inc.,Solar Electric,510-788-4024,420 Third Street Suite 208,Oakland,94607,"420 Third Street Suite 208
Oakland, CA 94607
(37.79649617000047, -122.27521134799969)"
Lee Auto Supply,Office/Retail,510-522-2727,1525 Park Street,Alameda,94501,"1525 Park Street
Alameda, CA 94501
(37.76592052600046, -122.24142230899969)"
Legalshield,Office/Retail,(510) 457-6995,2128 108th Avenue Suite 103,Oakland,94603,"2128 108th Avenue Suite 103
Oakland, CA 94603
(37.73993339600048, -122.15717170299968)"
Levitch Associates,Home Remodel,5108456941,1029 Heinz Avenue,Berkeley,94706,"1029 Heinz Avenue
Berkeley, CA 94706
(37.85415785400045, -122.28873473199968)"
"Lim and Yabu, DDS, Inc.",Dentist,5105307000,"4174 Park Blvd., Suite A",Oakland,94602,"4174 Park Blvd., Suite A
Oakland, CA 94602
(37.80700532400044, -122.22303790299969)"
Lin Jia Asian Kitchen,Restaurant,510-835-8322,3437 Lakeshore Avenue,Oakland,94610,"3437 Lakeshore Avenue
Oakland, CA 94610
(37.81140540600046, -122.2424930149997)"
Litho Process,Printer,510-864-1253,1818 Park Street,Alameda,94501,"1818 Park Street
Alameda, CA 94501
(37.76912965600047, -122.23863477899971)"
Livermore Valley Chamber of Commerce,Office/Retail,925-447-1606,2157 First St,Livermore,94550,"2157 First St
Livermore, CA 94550
(37.68144820900045, -121.7693239349997)"
Livermore Valley Winegrowers Association,Office/Retail,925-447-9463,3585 Greenville Road Suite 4,Livermore,94550,"3585 Greenville Road Suite 4
Livermore, CA 94550
(37.67196316400049, -121.69674012399969)"
"Liz Gillem MPT, ATC, CSCS",Office/Retail,510-708-8703,391 51st Street,Oakland,94609,"391 51st Street
Oakland, CA 94609
(37.83649357000047, -122.25768306799972)"
Lotus Cleaning Services,Cleaning Services,510-452-0755,1535 MacArthur Boulevard,Oakland,94602,"1535 MacArthur Boulevard
Oakland, CA 94602
(37.80086645600045, -122.22526178799973)"
Machado's Auto Care,Auto Repair,925-606-8194,4001 First St. Ste. #1,Livermore,94551,"4001 First St. Ste. #1
Livermore, CA 94551
(37.68053265900045, -121.7003974219997)"
Magnolias West,Office/Retail,510 698-6245,1430 32nd Street,Oakland,94608,"1430 32nd Street
Oakland, CA 94608
(37.823998048000476, -122.28428372099972)"
Maid to Order,Cleaning Services,510-623-0557,5583 Greeley Place,Fremont,94538,"5583 Greeley Place
Fremont, CA 94538
(37.525988759000484, -121.99000532199972)"
Mal Warwick Associates,Office/Retail,510-225-0428,"2550 Ninth Street, #103",Berkeley,94710,"2550 Ninth Street, #103
Berkeley, CA 94710
(37.85951020000044, -122.29150151399972)"
Mama's Royal Cafe,Restaurant,510-547-7600,4012 Broadway,Oakland,94611,"4012 Broadway
Oakland, CA 94611
(37.82785330200045, -122.25646194099971)"
Marclean USA,Cleaning Services,510-331-9195,26250 Industrial Blvd. Suite 112,Hayward,94545,"26250 Industrial Blvd. Suite 112
Hayward, CA 94545
(37.63410403300048, -122.11148073599969)"
Mariposa Baking Co.,Restaurant,510-595-0955,"5427 Telegraph Ave., #D3",Oakland,94609,"5427 Telegraph Ave., #D3
Oakland, CA 94609
(37.83967607800048, -122.26200379299968)"
Marvin Gardens Real Estate,Office/Retail,510-527-2700,1577 Solano Ave.,Berkeley,94707,"1577 Solano Ave.
Berkeley, CA 94707
(37.89108353300048, -122.28502087799973)"
Mat Dahms State Farm Insurance Agency,Office/Retail,510-636-1440,4400 Keller Ave Ste 260,Oakland,94605,"4400 Keller Ave Ste 260
Oakland, CA 94605
(37.77304356500048, -122.14465486299969)"
Mayway Corporation,Office/Retail,5102083113,1338 Mandela Parkway,Oakland,94607,"1338 Mandela Parkway
Oakland, CA 94607
(37.81018791000048, -122.29147497599968)"
McCutcheon Construction,Home Remodel,510-558-8030,1280 Sixth St,Berkeley,94710,"1280 Sixth St
Berkeley, CA 94710
(37.87974191300049, -122.30149627699973)"
Mechanics Bank - Hearst,Office/Retail,510-647-1650,755 Hearst Ave,Berkeley,94710,"755 Hearst Ave
Berkeley, CA 94710
(37.86898027100045, -122.29984969199973)"
Mechanics Bank - Oakland,Office/Retail,510-251-6100,"1999 Harrison Street, Suite 100",Oakland,94612,"1999 Harrison Street, Suite 100
Oakland, CA 94612
(37.807537125000465, -122.26475636099968)"
Mechanics Bank - Solano,Office/Retail,510-559-2626,1801 SOLANO AVE,Berkeley,94707,"1801 SOLANO AVE
Berkeley, CA 94707
(37.891377924000494, -122.27958043099972)"
MedAmerica,Office/Retail,510-350-2600,"2100 Powell Street, Suite 900",Emeryville,94608,"2100 Powell Street, Suite 900
Emeryville, CA 94608
(37.837197225000466, -122.30167807299972)"
MedShare,Office/Retail,510-567-7070,2937 Alvarado Street,San Leandro,94577,"2937 Alvarado Street
San Leandro, CA 94577
(37.706669383000474, -122.1529487039997)"
Melissa Joy Manning,Office/Retail,5106478440,1827 5th Street Suite B,Berkeley,94710,"1827 5th Street Suite B
Berkeley, CA 94710
(37.8694912200005, -122.29934704199968)"
Menlo Worldwide Logistics,Small Manufacturer,925 337 4952,"7364 Marathon Drive, Suite B",Livermore,94550,"7364 Marathon Drive, Suite B
Livermore, CA 94550
(37.69605457500046, -121.70151394799973)"
Menlo Worldwide Logistics - Fremont,Small Manufacturer,510-252-4901,6120 Stewart Ave.,Fremont,94538,"6120 Stewart Ave.
Fremont, CA 94538
(37.511021376000485, -121.98667476199972)"
Mercurius,Office/Retail,510-282-7399,3224 Brookdale Ave.,Oakland,94602,"3224 Brookdale Ave.
Oakland, CA 94602
(37.79091630500045, -122.2128780379997)"
Metro Lighting,Small Manufacturer,510-540-0509,2240 San Pablo Ave,Berkeley,94702,"2240 San Pablo Ave
Berkeley, CA 94702
(37.865627359000484, -122.2911247669997)"
Meyer Sound Labs. Inc,Small Manufacturer,510-486-1166,2832 San Pablo Ave.,Berkeley,94702,"2832 San Pablo Ave.
Berkeley, CA 94702
(37.85479032800049, -122.2876616579997)"
"MIG, Inc.",Office/Retail,510-845-7549,800 Hearst Ave,Berkeley,94710,"800 Hearst Ave
Berkeley, CA 94710
(37.86907804300046, -122.29912914799968)"
Mike's Bikes,Office/Retail,510-845-2453,2161 University Avenue,Berkeley,94704,"2161 University Avenue
Berkeley, CA 94704
(37.872458166000456, -122.26658272099968)"
Minuteman Press aka General Printing,Printer,510-540-7113,1101 Fifth Street,Berkeley,94710,"1101 Fifth Street
Berkeley, CA 94710
(37.882111104000444, -122.3033977229997)"
Miraglia Catering and Event Planning,Restaurant,510-483-5210,2096 Burroughs Ave.,San Leandro,94577,"2096 Burroughs Ave.
San Leandro, CA 94577
(37.696911860000455, -122.16983564299971)"
Missing Link Bicycle Cooperative,Office/Retail,510-843-7471,1988 Shattuck Ave.,Berkeley,94704,"1988 Shattuck Ave.
Berkeley, CA 94704
(37.872425605000444, -122.2684355989997)"
Mission Valley Holiday Cleaners,Garment Cleaning,5106568818,40093 Mission Blvd.,Fremont,94539,"40093 Mission Blvd.
Fremont, CA 94539
(37.55691709100046, -121.95115864099972)"
Modern Express Courier,Office/Retail,510-444-6245,750 4th St,Oakland,94607,"750 4th St
Oakland, CA 94607
(37.80034657400046, -122.28282926699973)"
Modern Lighting Concepts,Office/Retail,877.208.3360,"4096 Piedmont Ave., Ste. 898",Oakland,,"4096 Piedmont Ave., Ste. 898
Oakland, CA 94611-5221
(37.82660309500045, -122.25211917199971)"
Mokka,Restaurant,510-848-8909,3075 Telegraph Avenue,Berkeley,94705,"3075 Telegraph Avenue
Berkeley, CA 94705
(37.85415548500049, -122.25994528999968)"
Monkey Bars,Office/Retail,510-769-6905,1339 Park Street,Alameda,94501,"1339 Park Street
Alameda, CA 94501
(37.76353986300046, -122.24343343599969)"
Monkey Business Camp,Office/Retail,5105406025,2880-A Sacramento Street,Berkeley,94702,"2880-A Sacramento Street
Berkeley, CA 94702
(37.85522856600045, -122.27954688799969)"
Montclair Village Association,Office/Retail,510-339-1000,"1980 Mountain Boulevard, #212",Oakland,94611,"1980 Mountain Boulevard, #212
Oakland, CA 94611
(37.82770762000047, -122.21027233699971)"
Morimoto Matano Kang Architects,Home Remodel,510-527-8800,1200 Tenth St.,Berkeley,94710,"1200 Tenth St.
Berkeley, CA 94710
(37.88192744300045, -122.29755200399973)"
Mr. Sparkle Window Washers,Cleaning Services,510-299-3276,"11881 Skyline Boulevard, Suite B",Oakland,94619,"11881 Skyline Boulevard, Suite B
Oakland, CA 94619
(37.799375358000475, -122.1718216649997)"
Murakami/Nelson Architectural Corp.,Home Remodel,510-444-7959,100 Filbert Street,Oakland,94607,"100 Filbert Street
Oakland, CA 94607
(37.799049091000484, -122.28647303099973)"
Nabolom Bakery,Restaurant,510-845-2253,2708 Russell Street,Berkeley,94705,"2708 Russell Street
Berkeley, CA 94705
(37.85848839500045, -122.25271476899968)"
Nancy Rothstein Photography,Office/Retail,877-881-7221,535 Athol Avenue,Oakland,94606,"535 Athol Avenue
Oakland, CA 94606
(37.80436388500044, -122.2451034239997)"
Natural Choice Distribution Co. Inc.,Small Manufacturer,510-653-8212,1364 14th Street,Oakland,94607,"1364 14th Street
Oakland, CA 94607
(37.81061715800047, -122.2906032299997)"
Natural Home Cleaning Professionals,Cleaning Services,510-532-6645,3228 Fruitvale Avenue,Oakland,94602,"3228 Fruitvale Avenue
Oakland, CA 94602
(37.797762527000486, -122.21714424799973)"
Nature's Express,Restaurant,510-527-5331,1823 Solano Ave.,Berkeley,94707,"1823 Solano Ave.
Berkeley, CA 94707
(37.891398059000494, -122.27924168999971)"
Neo Autoworks,Auto Body,510-533-8886,1220 East 12th Street,Oakland,94606,"1220 East 12th Street
Oakland, CA 94606
(37.789672675000475, -122.24862944099971)"
Nexus Audio,Office/Retail,510-703-2366,1833 Solano Way,Oakland,94606,"1833 Solano Way
Oakland, CA 94606
(37.7864287970005, -122.24212299999971)"
Nice Teeth,Dentist,5104832164,345 Estudillo Ave.,San Leandro,94577,"345 Estudillo Ave.
San Leandro, CA 94577
(37.725823525000465, -122.1528024159997)"
Nina Designs,Office/Retail,510-845-8095,1000 Pardee St.,Berkeley,94710,"1000 Pardee St.
Berkeley, CA 94710
(37.856653405000486, -122.29030170699968)"
Nina Homisak Hair Design,Office/Retail,510-525-5563,"1580 Solano Ave., Suite C",Albany,94707,"1580 Solano Ave., Suite C
Albany, CA 94707
(37.89104883400046, -122.28465705599973)"
Nippon European Motors,Auto Repair,510-527-2443,730 San Pablo Avenue,Albany,94706,"730 San Pablo Avenue
Albany, CA 94706
(37.893250476000446, -122.29993214099972)"
Noble Cafe,Restaurant,510-325-2952,"100 Grand Avenue, Suite 111",Oakland,94612,"100 Grand Avenue, Suite 111
Oakland, CA 94612
(37.811415172000466, -122.26526964899972)"
NOR-CAL MOVING SERVICES,Office/Retail,5103577111,2001 MARINA BLVD,San Leandro,94577,"2001 MARINA BLVD
San Leandro, CA 94577
(37.705934056000444, -122.17764504499968)"
Norco Printing,Printer,510-569-2200,440 Hester St.,San Leandro,94577,"440 Hester St.
San Leandro, CA 94577
(37.72209618700049, -122.1913679759997)"
Northern California Cohousing,Office/Retail,510-549-8790,2150 Allston Way #400,Berkeley,94702,"2150 Allston Way #400
Berkeley, CA 94702
(37.86953543800047, -122.26670798099968)"
Northgate Environmental Management Inc.,Office/Retail,5108390688,"300 Frank H. Ogawa Plaza, Suite 510",Oakland,94612,"300 Frank H. Ogawa Plaza, Suite 510
Oakland, CA 94612
(37.805398081000476, -122.27127416699972)"
"Northgate Environmental Management, Inc.",Office/Retail,510-839-0688,"428 13th Street, 4th Floor",Oakland,94612,"428 13th Street, 4th Floor
Oakland, CA 94612
(37.803517239000485, -122.27126942999968)"
Oakland Auto Works,Auto Repair,5105978388,240 W. MacArthur Blvd.,Oakland,94611,"240 W. MacArthur Blvd.
Oakland, CA 94611
(37.8237647200005, -122.25715245099968)"
Oakland Eco Dental,Dentist,510-465-2838,2838 Summit Street,Oakland,94609,"2838 Summit Street
Oakland, CA 94609
(37.81746247600046, -122.26465686999973)"
Oakland Hebrew Day School,Schools,510- 531-8600,5500 Redwood Rd.,Oakland,94619,"5500 Redwood Rd.
Oakland, CA 94619
(37.79772784400046, -122.17047617599968)"
"Oakland Pallet Company, Inc",Small Manufacturer,510-278-1291,2500 Grant Avenue,San Lorenzo,94580,"2500 Grant Avenue
San Lorenzo, CA 94580
(37.669985720000454, -122.15668372699969)"
Oakland-Alameda Endodontics,Dentist,510-839-4546,2930 Summit St.,Oakland,94609,"2930 Summit St.
Oakland, CA 94609
(37.818282088000444, -122.26478597199969)"
Oil Changer #304,Auto Repair,925-447-3346,1247 Portola Avenue,Livermore,94550,"1247 Portola Avenue
Livermore, CA 94550
(37.69536643200047, -121.78386594499972)"
Oil Changer #403,Auto Repair,5108413731,2246 San Pablo Ave.,Berkeley,94702,"2246 San Pablo Ave.
Berkeley, CA 94702
(37.86477963800047, -122.29085127199971)"
Oil Changer #610,Auto Repair,925-734-8619,4210 Rosewood Dr.,Pleasanton,94588,"4210 Rosewood Dr.
Pleasanton, CA 94588
(37.69771957600045, -121.87575778599972)"
One PacificCoast Bank,Office/Retail,510-550-8400,"1438 Webster St, Suite 100",Oakland,94612,"1438 Webster St, Suite 100
Oakland, CA 94612
(37.803757833000475, -122.26851235699968)"
One PacificCoast Foundation,Office/Retail,510-663-2253,"1438 Webster St, Suite 101",Oakland,94612,"1438 Webster St, Suite 101
Oakland, CA 94612
(37.803757833000475, -122.26851235699968)"
Original Pollo,Restaurant,510-486-8027,100 Berkeley Square,Berkeley,94704,"100 Berkeley Square
Berkeley, CA 94704
(37.871074775000466, -122.26775410199969)"
Orion Energy Group LLC - Main Office,Office/Retail,510-267-8921,"360 22nd Street, Suite 800",Oakland,94612,"360 22nd Street, Suite 800
Oakland, CA 94612
(37.810788329000445, -122.26600472899969)"
Orion Renewable Energy Group LLC,Office/Retail,510-267-8921,"360 22nd Street, Suite 800",Oakland,94612,"360 22nd Street, Suite 800
Oakland, CA 94612
(37.810788329000445, -122.26600472899969)"
Oxford Plaza - RCD/JSCo,Property Managers,510-845-1575,2175 Kittredge St.,Berkeley,94703,"2175 Kittredge St.
Berkeley, CA 94703
(37.86871237300045, -122.26645402299971)"
"Pacheco Brothers Gardening, Inc",Landscaper,510-487-3580,795 Sandoval Way,Hayward,94544,"795 Sandoval Way
Hayward, CA 94544
(37.621405978000496, -122.0557732159997)"
Pacific Coast Concepts,Printer,9259649654,www.printpcc.com,Hayward,94506,"www.printpcc.com
Hayward, CA 94506
(37.80604431000046, -121.91160936499972)"
Pacific Color Graphics,Printer,925-600-3008,440 Boulder Ct 100D,Pleasanton,94566,"440 Boulder Ct 100D
Pleasanton, CA 94566
(37.67230248500044, -121.8632184229997)"
Pacific Green Funding,Office/Retail,510-545-6267,"39275 Mission Blvd, Suite 101",Fremont,94539,"39275 Mission Blvd, Suite 101
Fremont, CA 94539
(37.56284607200047, -121.95924826599969)"
Pak Mail,Office/Retail,(925) 456-0100,"51 Wright Brothers Ave., Suite F",Livermore,94551,"51 Wright Brothers Ave., Suite F
Livermore, CA 94551
(37.689876212000456, -121.80339905799968)"
Pakpour Consulting Group,Office/Retail,(925) 224-7717,"5776 Stoneridge Mall Rd., Suite 320",Pleasanton,94588,"5776 Stoneridge Mall Rd., Suite 320
Pleasanton, CA 94588
(37.69238645900049, -121.92997470799969)"
Pandora,Office/Retail,510-451-4100,"2101 Webster Street, Suite 1650",Oakland,94612,"2101 Webster Street, Suite 1650
Oakland, CA 94612
(37.81024942200048, -122.2657524499997)"
Pappo,Restaurant,510 337 9100,2320 Central Ave,Alameda,94501,"2320 Central Ave
Alameda, CA 94501
(37.764374871000484, -122.24330078199972)"
Paradise Designs Plantscapes Inc,Landscaper,510 861-0408,2666 D Street,Hayward,94541,"2666 D Street
Hayward, CA 94541
(37.67944796800049, -122.05463499899969)"
Park Day School,Schools,510.653.0317,360 42nd Street,Oakland,94609,"360 42nd Street
Oakland, CA 94609
(37.831128194000485, -122.25771030899972)"
"Pat Colburn, Green Realtor",Office/Retail,510-919-6169,762 Stewart Ct,Alameda,94501,"762 Stewart Ct
Alameda, CA 94501
(37.778963244000465, -122.27374010799969)"
Patriot Memory,Small Manufacturer,510-438-8559,47027 Benicia Street,Fremont,94538,"47027 Benicia Street
Fremont, CA 94538
(37.48403182800047, -121.9329472339997)"
Paula LeDuc Fine Catering,Restaurant,510-547-7825,1350 Park Avenue,Emeryville,94608,"1350 Park Avenue
Emeryville, CA 94608
(37.831198075000486, -122.2860342789997)"
Paws & Claws,Cleaning Services,510-336-0105,3436 Dimond Ave.,Oakland,94602,"3436 Dimond Ave.
Oakland, CA 94602
(37.79986965800049, -122.21752163699972)"
Peerless Coffee & Tea Company,Small Manufacturer,5107631763,260 Oak St.,Oakland,94607,"260 Oak St.
Oakland, CA 94607
(37.79318259800044, -122.2677449839997)"
People's Coffee & Tea,Restaurant,510-666-0666,2015 Shattuck Ave,Berkeley,94704,"2015 Shattuck Ave
Berkeley, CA 94704
(37.87170369700044, -122.26772449099968)"
Peralta Service Corporation,Cleaning Services,5105355027,3411 East 12th St.,Oakland,94601,"3411 East 12th St.
Oakland, CA 94601
(37.775919102000444, -122.22384186699969)"
"Personal Financial Consultants, Inc.",Office/Retail,888-557-3272,"1970 Broadway, Suite 1140",Oakland,94612,"1970 Broadway, Suite 1140
Oakland, CA 94612
(37.80879378300045, -122.26835222899967)"
Peterson Power Systems,Auto Repair,510.859.8400,2828 Teagarden Street,San Leandro,94577,"2828 Teagarden Street
San Leandro, CA 94577
(37.70476266500049, -122.15657999599972)"
PGAdesign,Landscaper,510.465.1284,444-17th Street,Oakland,94612,"444-17th Street
Oakland, CA 94612
(37.80659687400049, -122.26953323099968)"
Phat Matt's,Restaurant,510-879-7294,3415 Telegraph,Oakland,94609,"3415 Telegraph
Oakland, CA 94609
(37.82277194900047, -122.26619808699968)"
Photo Science Emeryville Office,Office/Retail,510 834 2001,6121 Hollis St. Suite 7,Emeryville,94608,"6121 Hollis St. Suite 7
Emeryville, CA 94608
(37.842440490000456, -122.29013115099968)"
Picante,Restaurant,510-525-3121,1328 6th St.,Berkeley,94710,"1328 6th St.
Berkeley, CA 94710
(37.87824992900045, -122.3010312719997)"
Picnic Time Productions,Restaurant,800-474-2649,2096 Burroughs Ave.,San Leandro,94577,"2096 Burroughs Ave.
San Leandro, CA 94577
(37.696911860000455, -122.16983564299971)"
Piedmont Dental by Design,Dentist,510.652.2911,1331 Grand Ave,Piedmont,94610,"1331 Grand Ave
Piedmont, CA 94610
(37.820491012000446, -122.24420211799969)"
Planning for Sustainable Communities,Office/Retail,(510) 868-1627,2150 Allston Way #400,Berkeley,94704,"2150 Allston Way #400
Berkeley, CA 94704
(37.86953543800047, -122.26670798099968)"
Pleasanton Corporate Commons Managed by Hines,Office/Retail,925-734-8400,6200-6230 Stoneridge Mall Road,Pleasanton,94588,"6200-6230 Stoneridge Mall Road
Pleasanton, CA 94588
(37.69085087400049, -121.92321771999968)"
Poulet,Restaurant,510-845-5932,1685 Shattuck Ave.,Berkeley,94709,"1685 Shattuck Ave.
Berkeley, CA 94709
(37.87690015300046, -122.26882765299968)"
Precision Graphics,Printer,(510) 357-6300,456 Davis Street,San Leandro,94577,"456 Davis Street
San Leandro, CA 94577
(37.72459647600044, -122.15979043299973)"
Preet Sahota DDS,Dentist,510-744-9009,39572 Stevensen Place Suite 131,Fremont,94539,"39572 Stevensen Place Suite 131
Fremont, CA 94539
(37.55900577900047, -121.9573304919997)"
Prevention Institute,Office/Retail,510-444-7738,221 Oak Street,Oakland,94607,"221 Oak Street
Oakland, CA 94607
(37.79325788300048, -122.2677766059997)"
PrintingGreen.Com,Printer,510-420-5800,1287 66th Street,Emeryville,94608,"1287 66th Street
Emeryville, CA 94608
(37.848033272000464, -122.29056346099969)"
Pyatok Architects,Home Remodel,510-465-7010,1611 Telegraph Ave Suite 200,Oakland,94612,"1611 Telegraph Ave Suite 200
Oakland, CA 94612
(37.80631836700047, -122.27042257699969)"
R.A.W. Concepts,Home Remodel,(510) 525-0211,1650A Solano Avenue,Albany,94706,"1650A Solano Avenue
Albany, CA 94706
(37.89113109800047, -122.28322048699971)"
Razan's Organic Kitchen,Restaurant,510-486-0449,2119 Kittredge Avenue,Berkeley,94704,"2119 Kittredge Avenue
Berkeley, CA 94704
(37.86861239900048, -122.26721151899972)"
Rebecca Wilkowski Photography,Office/Retail,3474134747,800 York Street,Oakland,94610,"800 York Street
Oakland, CA 94610
(37.81280893200045, -122.24367860899969)"
Red Oak Realty - Berkeley,Office/Retail,510-280-2130,1891 Solano Ave.,Berkeley,94707,"1891 Solano Ave.
Berkeley, CA 94707
(37.89149349800044, -122.27739580199972)"
Red Oak Realty - Oakland,Office/Retail,510-292-2000,2099 Pleasant Valley Ave,Oakland,94619,"2099 Pleasant Valley Ave
Oakland, CA 94619
(37.834264600000495, -122.25225891099973)"
REI Berkeley,Office/Retail,510-527-4140,1338 San Pablo Ave.,Berkeley,94702,"1338 San Pablo Ave.
Berkeley, CA 94702
(37.87977221400047, -122.29567437099968)"
REI Fremont,Office/Retail,510-651-0305,43962 Fremont Blvd,Fremont,94538,"43962 Fremont Blvd
Fremont, CA 94538
(37.510389388000476, -121.94998598499973)"
Resources for Community Develo,Office/Retail,510-841-4410,2220 Oxford Street,Berkeley,94704,"2220 Oxford Street
Berkeley, CA 94704
(37.86942505500048, -122.26600334999972)"
Revival Bar & Kitchen,Restaurant,510-549-9950,2102 Shattuck Avenue,Berkeley,94704,"2102 Shattuck Avenue
Berkeley, CA 94704
(37.87103437900049, -122.26830621699969)"
Revolution Foods - Oakland Culinary Center,Small Manufacturer,510-596-9024,8383 Capwell Drive,Oakland,94621,"8383 Capwell Drive
Oakland, CA 94621
(37.73721991400049, -122.2017623539997)"
Rhythmix Cultural Works,Office/Retail,510-865-5060,2513 Blanding Avenue,Alameda,94501,"2513 Blanding Avenue
Alameda, CA 94501
(37.769398528000465, -122.23511219999972)"
Rick & Ann's Restaurant,Restaurant,510-649-8538,2922 Domingo Ave,Berkeley,94705,"2922 Domingo Ave
Berkeley, CA 94705
(37.858570116000465, -122.24392525399969)"
Rick's Performance,Auto Repair,925-484-2324,3295 Bernal Ave. #A,Pleasanton,94566,"3295 Bernal Ave. #A
Pleasanton, CA 94566
(37.66739186400048, -121.85720458499969)"
RINA Accountancy Corporation,Office/Retail,(510) 893-6908,"475 - 14th Street, Suite 1200",Oakland,94612,"475 - 14th Street, Suite 1200
Oakland, CA 94612
(37.80473481100046, -122.27225012099973)"
Rising Sun Energy Center,Office/Retail,510-665-1501,1900 Addison #100,Berkeley,94704,"1900 Addison #100
Berkeley, CA 94704
(37.870592720000445, -122.27250595299972)"
Riva Cucina,Restaurant,510-841-7482,"800 Heinz Ave., #19",Berkeley,94710,"800 Heinz Ave., #19
Berkeley, CA 94710
(37.85305398300045, -122.29381348099969)"
Robert Houser Photography,Office/Retail,415-252-7818,215 San Carlos Ave.,Piedmont,94611,"215 San Carlos Ave.
Piedmont, CA 94611
(37.824887540000475, -122.23904046099972)"
"Robin T. Levi, DDS",Dentist,510-548-5692,"2999 Regent St, # 525",Berkeley,94705,"2999 Regent St, # 525
Berkeley, CA 94705
(37.8559178860005, -122.25663604899972)"
Rockridge Home,Office/Retail,510-420-1928,5418 college ave,Oakland,94618,"5418 college ave
Oakland, CA 94618
(37.84052411500045, -122.25132515699971)"
Rodrigue Molyneaux Winery,Winery,925-443-1998,3053 Marina Ave,Livermore,94550,"3053 Marina Ave
Livermore, CA 94550
(37.656562807000455, -121.75722975799971)"
Royal Raspberry Catering,Restaurant,510-533-0781,3100 35th Avenue,Oakland,94619,"3100 35th Avenue
Oakland, CA 94619
(37.790696005000484, -122.20566498399972)"
"Ruth Preucel, IIDA Interiors",Office/Retail,510 610-9262,77 Eucalyptus Road,Berkeley,94705,"77 Eucalyptus Road
Berkeley, CA 94705
(37.85096468600045, -122.24633168599968)"
Ruth Stroup Insurance Agency,Office/Retail,510-874-5700,3560 Grand Ave,Oakland,94610,"3560 Grand Ave
Oakland, CA 94610
(37.81496425300048, -122.24589886899969)"
Sacred Wheel Cheese Shop,Restaurant,510.653.1353,4935 Shattuck Avenue,Oakland,94609,"4935 Shattuck Avenue
Oakland, CA 94609
(37.836636883000494, -122.2640433469997)"
"SAFETRAN, LLC",Office/Retail,510-894-0229,"3330 Seldon Court, Unit 4",Fremont,94538,"3330 Seldon Court, Unit 4
Fremont, CA 94538
(37.51859330600047, -121.9471735199997)"
Safety1st,Cleaning Services,510-844-2444,1035 7th Street,Oakland,94607,"1035 7th Street
Oakland, CA 94607
(37.80323416500045, -122.2857452829997)"
Sage Financial Network,Office/Retail,877-296-2819,"525 Bellevue Ave., Suite 310",Oakland,94610,"525 Bellevue Ave., Suite 310
Oakland, CA 94610
(37.807747949000486, -122.25446976399968)"
SageStone Sustainable Landscapes,Landscaper,510-847-2577,"2220 Sacramento Street, Unit L",Berkeley,94702,"2220 Sacramento Street, Unit L
Berkeley, CA 94702
(37.8664863730005, -122.28169341799969)"
SAHA - Ashby Lofts,Office/Retail,510-981-0532,2919 9th st,Berkeley,94710,"2919 9th st
Berkeley, CA 94710
(37.852575043000456, -122.28966076299969)"
SAHA - Fremont Oak Gardens,Hotel,510-490-4013,2681 Driscoll Road,Fremont,94539,"2681 Driscoll Road
Fremont, CA 94539
(37.53756861900047, -121.95165829699971)"
SAHA - Satellite Affordable Housing Associates,Office/Retail,5106498500,"1250 Addison Street, Suite G",Berkeley,94702,"1250 Addison Street, Suite G
Berkeley, CA 94702
(37.86872748200045, -122.28719119399972)"
SAHA - Satellite Affordable Housing Associates - Berkeley,Property Managers,510-647-0700,1521 University Ave.,Berkeley,94703,"1521 University Ave.
Berkeley, CA 94703
(37.87057098700046, -122.2813997719997)"
SAHA - The Orchards On Foothill,Office/Retail,510-437-9750,2719 Foothill Blvd,Oakland,94601,"2719 Foothill Blvd
Oakland, CA 94601
(37.78444350700045, -122.22711108799967)"
SAHA - Valdez Plaza,Property Managers,510.268.0153,280 28th Street,Oakland,94611,"280 28th Street
Oakland, CA 94611
(37.8161572570005, -122.26253440899973)"
SAHA Oak Street Terrace,Office/Retail,510-251-1525,1109 Oak street,Oakland,94607,"1109 Oak street
Oakland, CA 94607
(37.79920835700045, -122.26405637499971)"
sameteam.us,Office/Retail,5108150691,1314 harmon st,Berkeley,94702,"1314 harmon st
Berkeley, CA 94702
(37.84842294300046, -122.28078497599972)"
Sarana Community Acupuncture,Office/Retail,510-526-5056,968 San Pablo Avenue,Albany,94706,"968 San Pablo Avenue
Albany, CA 94706
(37.888431350000474, -122.29840511799972)"
Savoy Events,Restaurant,510-533-9588,3110 35th Ave.,Oakland,94619,"3110 35th Ave.
Oakland, CA 94619
(37.79083576500045, -122.2054245489997)"
Sayre Building Performance,Office/Retail,5104031115,10700 Lochard St,Oakland,94605,"10700 Lochard St
Oakland, CA 94605
(37.75222875100047, -122.13212380999971)"
ScanArt,Printer,510-595-2222,1259 Park Avenue,Emeryville,94608,"1259 Park Avenue
Emeryville, CA 94608
(37.83155320700047, -122.28389193199968)"
Scott Cole & Associates,Office/Retail,510-891-9800,"1970 Broadway, 9th Floor",Oakland,94612,"1970 Broadway, 9th Floor
Oakland, CA 94612
(37.80879378300045, -122.26835222899967)"
Semifreddi's Inc,Small Manufacturer,510 596-9930,1980 North Loop Road,Alameda,94502,"1980 North Loop Road
Alameda, CA 94502
(37.729601829000444, -122.24217098199972)"
Sensiba San Filippo LLP,Office/Retail,925-271-8700,"4900 Hopyard Rd, Suite 200",Pleasanton,94588,"4900 Hopyard Rd, Suite 200
Pleasanton, CA 94588
(37.694122636000486, -121.90378219499968)"
"Serpico Landscaping, Inc.",Landscaper,5102930341,1764 National Ave.,Hayward,94545,"1764 National Ave.
Hayward, CA 94545
(37.64956294600046, -122.12130896599967)"
"Shaya Hamid, DDS",Dentist,5104448000,"3300 Webster St, Suite 602",Oakland,94609,"3300 Webster St, Suite 602
Oakland, CA 94609
(37.82130943900046, -122.26214710699969)"
"Shelterbelt Builders, Inc.",Landscaper,510-841-0911,1207 10th Street,Berkeley,94710,"1207 10th Street
Berkeley, CA 94710
(37.881530743000496, -122.29735723399972)"
"Sheryl Drinkwater, Architect",Home Remodel,(510) 848-4439,2601 Mathews Street,Berkeley,94702,"2601 Mathews Street
Berkeley, CA 94702
(37.85949717200049, -122.28689534499972)"
Shotgun Players,Office/Retail,510-841-6500,1901 Ashby Ave,Berkeley,,"1901 Ashby Ave
Berkeley, CA 94703-2505
(37.854347359000485, -122.27084304199968)"
Show & Tell,Office/Retail,510 912 4118,500 12th st #139,Oakland,94612,"500 12th st #139
Oakland, CA 94612
(37.80340708800048, -122.2731692219997)"
"Shred Works, Inc.",Office/Retail,510-729-7110,455 High St.,Oakland,94601,"455 High St.
Oakland, CA 94601
(37.76632440900045, -122.2228768229997)"
Sidebar,Restaurant,510-452-9500,542 Grand Avenue,Oakland,94610,"542 Grand Avenue
Oakland, CA 94610
(37.80874091600049, -122.2506663849997)"
Siegel & Strain Architects,Office/Retail,510-547-8092,1295 59th Street,Emeryville,94608,"1295 59th Street
Emeryville, CA 94608
(37.8416729920005, -122.28771377199968)"
SnapTint.com,Office/Retail,800-880-1384,3723 Arbutus Ct.,Hayward,94542,"3723 Arbutus Ct.
Hayward, CA 94542
(37.65863315500047, -122.03160770799968)"
Sol Y Luna Taqueria,Restaurant,510-540-8880,1926 shattuck ave,Berkeley,94704,"1926 shattuck ave
Berkeley, CA 94704
(37.873335813000494, -122.2685630529997)"
Solano Smile Dental Specialty Group,Dentist,510 280-5731,1183 Solano Ave,Albany,94706,"1183 Solano Ave
Albany, CA 94706
(37.89043102900047, -122.29652104199971)"
Solaria Corporation,Small Manufacturer,510-270-2500,6200 Paseo Padre Parkway,Fremont,94555,"6200 Paseo Padre Parkway
Fremont, CA 94555
(37.55789675200049, -122.06614982799971)"
Solstice Press,Printer,5104514790,113 Filbert St.,Oakland,94607,"113 Filbert St.
Oakland, CA 94607
(37.79913786900045, -122.28651061199969)"
Spring Friedlander Remodeling,Home Remodel,5106527600,434 66th St.,Oakland,94609,"434 66th St.
Oakland, CA 94609
(37.852078030000484, -122.2586412549997)"
State Farm Insurance - Steve Bauer Agent,Office/Retail,510-548-2929,"2890 College Avenue, Suite 1",Berkeley,94705,"2890 College Avenue, Suite 1
Berkeley, CA 94705
(37.85867901500046, -122.25324202399969)"
State Senator Ellen Corbett,Office/Retail,510-577-2310,"1057 MacArthur Blvd., Ste. 206",San Leandro,94577,"1057 MacArthur Blvd., Ste. 206
San Leandro, CA 94577
(37.73212221400047, -122.13974193199971)"
"Stella Nonna, Inc.",Restaurant,510-845-8787,2315 Dwight Way,Berkeley,94704,"2315 Dwight Way
Berkeley, CA 94704
(37.86465764400049, -122.26226317899972)"
Steven Grover & Associates,Office/Retail,510-549-9258,800 Heinz Ave #11,Berkeley,94710,"800 Heinz Ave #11
Berkeley, CA 94710
(37.85305398300045, -122.29381348099969)"
Stillwater Sciences,Office/Retail,(510) 848-8098,2855 Telegraph Ave Suite 400,Berkeley,94705,"2855 Telegraph Ave Suite 400
Berkeley, CA 94705
(37.858164711000484, -122.25937558799973)"
StopWaste.Org,Office/Retail,510-891-6500,1537 Webster St.,Oakland,94612,"1537 Webster St.
Oakland, CA 94612
(37.805036836000454, -122.26778726599969)"
Sue Oda Landscape Architect,Landscaper,510-684-8789,617 Evelyn Avenue,Albany,94706,"617 Evelyn Avenue
Albany, CA 94706
(37.89518106300045, -122.2959276519997)"
Summer Summer Thai Eatery,Restaurant,5106583234,5885 HOLLIS ST STE 50,Emeryville,94608,"5885 HOLLIS ST STE 50
Emeryville, CA 94608
(37.84016050100047, -122.28941221499969)"
Sun Light & Power,Solar Electric,5108452997,1035 Folger Ave.,Berkeley,94710,"1035 Folger Ave.
Berkeley, CA 94710
(37.8507171440005, -122.28767468599972)"
Sungevity,Solar Electric,510-845-5660,"66 Franklin Street, Suite 310",Oakland,94607,"66 Franklin Street, Suite 310
Oakland, CA 94607
(37.79470765500048, -122.27564882999968)"
Sustainable Computing,Office/Retail,240-997-6875,1519 Stuart Street,Berkeley,,"1519 Stuart Street
Berkeley, CA 94703-2007
(37.85708808300046, -122.27876318899968)"
Sustainable Earth Initiative,Office/Retail,510-531-5377,154 Frisbie Street #3,Oakland,94611,"154 Frisbie Street #3
Oakland, CA 94611
(37.81840526600047, -122.25877509299971)"
Sustainable Technologies,Solar Electric,5105231122,"1800 Orion St., Suite 101",Alameda,94501,"1800 Orion St., Suite 101
Alameda, CA 94501
(37.77814663000049, -122.2948541609997)"
Suzanne Arca Design,Landscaper,510-558-0636,930 Cornell Avenue,Albany,94706,"930 Cornell Avenue
Albany, CA 94706
(37.88933008000049, -122.29590159499969)"
Sweet Adeline,Restaurant,5109857381,3350 Adeline St,Berkeley,94703,"3350 Adeline St
Berkeley, CA 94703
(37.84750621000046, -122.27179293899968)"
Swiss Delices,Restaurant,(510) 881-8669,3315 Castro Valley Blvd.,Castro Valley,94546,"3315 Castro Valley Blvd.
Castro Valley, CA 94546
(37.69554357800047, -122.07856247899969)"
Swiss Delices,Restaurant,510-881-8669,20669 Santa Maria Av.,Castro Valley,94546,"20669 Santa Maria Av.
Castro Valley, CA 94546
(37.69609010700049, -122.07840372899972)"
Sybase Fibonacci Cafe,Restaurant,925-236-5203,1 Sybase Way,Dublin,94568,"1 Sybase Way
Dublin, CA 94568
(37.70646241300045, -121.89030261199969)"
"Tala Aziz, DDS",Dentist,510-548-4084,"2999 Regent Street, Suite 525",Berkeley,94705,"2999 Regent Street, Suite 525
Berkeley, CA 94705
(37.8559178860005, -122.25663604899972)"
Tara's Organic Ice Cream,Restaurant,510-655-5014,3173 College Avenue,Berkeley,94705,"3173 College Avenue
Berkeley, CA 94705
(37.85200778100045, -122.2525081599997)"
TEECOM,Office/Retail,510-337-2800,1333 Broadway Suite 601,Oakland,94612,"1333 Broadway Suite 601
Oakland, CA 94612
(37.80396731400049, -122.2714565659997)"
Teleosis Institute,Office/Retail,510-558-7285,863 Arlington Ave,Berkeley,94707,"863 Arlington Ave
Berkeley, CA 94707
(37.89300081300047, -122.2746386559997)"
Temescal Telegraph Community Association (BID),Office/Retail,510-860-7327,"510 49th Street, #203",Oakland,94609,"510 49th Street, #203
Oakland, CA 94609
(37.83580322100045, -122.26297268399969)"
Temple Sinai,Schools,510- 451-3263,2808 Summit Street,Oakland,94609,"2808 Summit Street
Oakland, CA 94609
(37.816587583000455, -122.26488686699969)"
TGIF Body Shop,Auto Body,510-490-1342,4595 Enterprise St.,Fremont,94538,"4595 Enterprise St.
Fremont, CA 94538
(37.504896794000445, -121.95910170799971)"
The East Bay Depot for Creative Reuse,Office/Retail,510-547-6470,4695 Telegraph Ave,Oakland,94609,"4695 Telegraph Ave
Oakland, CA 94609
(37.83422793400047, -122.2631319889997)"
The Focal Point LLC,Office/Retail,5102081760,"501 14th Street, Suite 200",Oakland,94612,"501 14th Street, Suite 200
Oakland, CA 94612
(37.804848190000484, -122.27251960499973)"
The Framer's Workshop & Framer's Outlet,Office/Retail,510-849-4444,2439 Channing Way,Berkeley,94704,"2439 Channing Way
Berkeley, CA 94704
(37.86687104100048, -122.25931542499973)"
The Grand Tavern,Restaurant,510-444-4644,3601 Grand Avenue,Oakland,94610,"3601 Grand Avenue
Oakland, CA 94610
(37.81508181300046, -122.24593135599969)"
The Juice Bar Collective,Restaurant,510-548-8473,2114 Vine Street,Berkeley,94709,"2114 Vine Street
Berkeley, CA 94709
(37.88024833700047, -122.26882155299973)"
The Local Butcher Shop,Restaurant,510-845-6328,1600 Shattuck Ave. Ste. 120,Berkeley,94709,"1600 Shattuck Ave. Ste. 120
Berkeley, CA 94709
(37.87813740900049, -122.2691434139997)"
The Mixing Bowl,Restaurant,510 655 5630,4920 Telegraph Ave,Oakland,94609,"4920 Telegraph Ave
Oakland, CA 94609
(37.836251950000474, -122.26249650799969)"
The Pack Leader,Cleaning Services,510-894-3548,2998 Park Place Common,Fremont,94536,"2998 Park Place Common
Fremont, CA 94536
(37.55998842000048, -121.9931084749997)"
The Pho Bar,Restaurant,510-647-9872,1828 Euclid Ave,Berkeley,94709,"1828 Euclid Ave
Berkeley, CA 94709
(37.87572388700045, -122.26028663199969)"
The Planning Center | DC&E,Office/Retail,510.848.3815,"1625 Shattuck Avenue, Suite 300",Berkeley,94709,"1625 Shattuck Avenue, Suite 300
Berkeley, CA 94709
(37.877504935000445, -122.2688946879997)"
The Rare Bird,Office/Retail,(510) 653-2473,3883 Piedmont Ave,Oakland,94611,"3883 Piedmont Ave
Oakland, CA 94611
(37.824753702000464, -122.25463676599969)"
The Treehouse Green Gifts,Office/Retail,5102049292,2935 College Ave,Berkeley,94705,"2935 College Ave
Berkeley, CA 94705
(37.85772411100049, -122.2530851889997)"
The Waterfront at Harbor Bay,Property Managers,510-521-9900,"1601 Harbor Bay Parkway, Suite 110",Alameda,94502,"1601 Harbor Bay Parkway, Suite 110
Alameda, CA 94502
(37.72536752700046, -122.24021184199972)"
Thrive Eco Solutions Inc,Office/Retail,510-363-5055,1136 Parker St,Berkeley,94702,"1136 Parker St
Berkeley, CA 94702
(37.85955283900046, -122.28725540499971)"
"TJC and Associates, Inc.",Office/Retail,(510) 251-8980,"1615 Broadway, 4th Floor",Oakland,94612,"1615 Broadway, 4th Floor
Oakland, CA 94612
(37.80612767700046, -122.27010633899971)"
TLC Interior Plant Service,Office/Retail,925-846-6534,3213 Touriga Drive,Pleasanton,94566,"3213 Touriga Drive
Pleasanton, CA 94566
(37.664111049000496, -121.85230349799969)"
Torchio's Auto Repair,Auto Repair,510-451-3272,2344 Webster Street,Oakland,94612,"2344 Webster Street
Oakland, CA 94612
(37.81296172000049, -122.26496600099972)"
Transcendentist,Dentist,510-841-3040,"3030 Ashby Ave., Ste 101",Berkeley,94705,"3030 Ashby Ave., Ste 101
Berkeley, CA 94705
(37.85806770200048, -122.24445287099968)"
Triple Rock Brewery,Restaurant,5108432739,1920 Shattuck Ave.,Berkeley,94704,"1920 Shattuck Ave.
Berkeley, CA 94704
(37.87343530400045, -122.26857371299968)"
Ubuntu Coffee,Small Manufacturer,415 828 0570,5515 Doyle Street #7,Emeryville,94608,"5515 Doyle Street #7
Emeryville, CA 94608
(37.83807001800045, -122.28688113199968)"
UC Berkeley Cal Dining Cafe 3 Dining,Restaurant,510-642-5392,2400 Durant Avenue,Berkeley,94704,"2400 Durant Avenue
Berkeley, CA 94704
(37.86752767100046, -122.26113875999971)"
UC Berkeley Cal Dining Pat Brown's,Restaurant,510-642-1004,UC Berkeley -Genetics & Plants Biology Building,Berkeley,94720,"UC Berkeley -Genetics &amp; Plants Biology Building
Berkeley, CA 94720
(37.87208404900048, -122.2569460579997)"
"UC Berkeley-Cal Dining, Crossroads",Restaurant,5106423273,2610 Channing Wy.,Berkeley,94720,"2610 Channing Wy.
Berkeley, CA 94720
(37.86723450600044, -122.25606271599969)"
UC Foothill Cal Dining,Restaurant,5106427050,2700 HEARST AVE.,Berkeley,94720,"2700 HEARST AVE.
Berkeley, CA 94720
(37.87552756500048, -122.25666204099969)"
Union City Dental Aesthetics,Dentist,510-429-8300,30811 Union City Blvd,Union City,94587,"30811 Union City Blvd
Union City, CA 94587
(37.597382077000475, -122.08126398199971)"
Union Sanitary District,Office/Retail,510-477-7500,5072 Benson Road,Union City,94587,"5072 Benson Road
Union City, CA 94587
(37.593026083000495, -122.08835687999971)"
URS Corporation,Office/Retail,510-893-3600,"1333 Broadway, Suite 800",Oakland,94612,"1333 Broadway, Suite 800
Oakland, CA 94612
(37.80396731400049, -122.2714565659997)"
US Foodservice,Small Manufacturer,8006821228,300 Lawrence Dr.,Livermore,94550,"300 Lawrence Dr.
Livermore, CA 94550
(37.71273698300047, -121.70804951999969)"
USE Credit Union,Office/Retail,510-549-8610,2350 Shattuck Ave.,Berkeley,94704,"2350 Shattuck Ave.
Berkeley, CA 94704
(37.86677372000048, -122.26777160099971)"
"Vaska, LLC",Small Manufacturer,510-644-2111,2332 5th St.,Berkeley,94710,"2332 5th St.
Berkeley, CA 94710
(37.86211945500048, -122.29703152099972)"
VBN Architects,Home Remodel,510-763-1313,"560 14th Street, 4th Floor",Oakland,94612,"560 14th Street, 4th Floor
Oakland, CA 94612
(37.80548691100046, -122.27406937399968)"
Vee Horticulture Garden Design,Landscaper,510-653-7667,1250 Ocean Ave.,Emeryville,94608,"1250 Ocean Ave.
Emeryville, CA 94608
(37.84647695700045, -122.2878570849997)"
Venus Restaurant,Restaurant,510-540-5950,2327 Shattuck Ave.,Berkeley,94704,"2327 Shattuck Ave.
Berkeley, CA 94704
(37.867054889000485, -122.26752551099969)"
Vik's Chaat & Market,Restaurant,510-644-4432,2390 Fourth St,Berkeley,94710,"2390 Fourth St
Berkeley, CA 94710
(37.86147987400045, -122.29793167299971)"
Village Chiropractic & Wellness Center,Office/Retail,510-200-9000,6232 La Salle Ave,Oakland,94611,"6232 La Salle Ave
Oakland, CA 94611
(37.82700526400049, -122.2089363229997)"
Villa's Tailor Shop,Office/Retail,510-533-8012,"3340 E. 12th St., Suite 14",Oakland,94601,"3340 E. 12th St., Suite 14
Oakland, CA 94601
(37.77622846100047, -122.22461300799972)"
Vintage 99 Label MFG Inc,Printer,925-294-5274,611 Enterprise Court,Livermore,94550,"611 Enterprise Court
Livermore, CA 94550
(37.703916395000476, -121.7006382559997)"
Vital Vittles Premium Natural Foods,Restaurant,510-644-2022,2810 San Pablo Ave.,Berkeley,94702,"2810 San Pablo Ave.
Berkeley, CA 94702
(37.855750884000486, -122.28795183799969)"
Wactor and Wick LLP,Office/Retail,510-465-5750,"180 Grand Avenue, Suite 950",Oakland,94612,"180 Grand Avenue, Suite 950
Oakland, CA 94612
(37.811027580000484, -122.26301527899972)"
Walden Center and School,Schools,5108417248,2446 McKinley Ave.,Berkeley,94703,"2446 McKinley Ave.
Berkeley, CA 94703
(37.86345665300047, -122.27333385499969)"
Waste Management of Alameda County Administrative Office & Fleet Maintenance Facility,Auto Repair,5106132104,172 98th Ave.,Oakland,94603,"172 98th Ave.
Oakland, CA 94603
(37.728784548000476, -122.19576805799971)"
Way To Be Designs,Office/Retail,510-476-6200,30987 San Clemente St.,Hayward,94544,"30987 San Clemente St.
Hayward, CA 94544
(37.61179551400045, -122.0525906419997)"
Weinreb Group,Office/Retail,5105243585,1909 Berryman St,Berkeley,94709,"1909 Berryman St
Berkeley, CA 94709
(37.88332749200049, -122.27382301599971)"
WeLoveWashingWindows,Cleaning Services,510-677-8654,1739 Pleasant Valley Avenue,Oakland,94611,"1739 Pleasant Valley Avenue
Oakland, CA 94611
(37.82850905900045, -122.24496492699973)"
"Wendel, Rosen, Black & Dean LLP",Office/Retail,510-834-6600,"1111 Broadway, 24th Fl.",Oakland,94607,"1111 Broadway, 24th Fl.
Oakland, CA 94607
(37.8025874760005, -122.27229631299969)"
"West Advertising, Inc.",Office/Retail,510-865-9378,1410 Park Avenue,Alameda,94501,"1410 Park Avenue
Alameda, CA 94501
(37.76455016400047, -122.24250604299971)"
Wine on Piedmont,Office/Retail,510-595-9463,4183 Piedmont Ave.,Oakland,94611,"4183 Piedmont Ave.
Oakland, CA 94611
(37.82729996700044, -122.25131379299972)"
Wishnev Consulting,Office/Retail,510-747-8324,560 58th st,Oakland,94609,"560 58th st
Oakland, CA 94609
(37.84370780800049, -122.26334335999968)"
WRECO,Office/Retail,510-836-5188,"1814 Franklin Street, Suite 608",Oakland,94612,"1814 Franklin Street, Suite 608
Oakland, CA 94612
(37.80708349600047, -122.26788201799968)"
"xpedx, an International Paper Company",Office/Retail,800-222-5475,30535 Huntwood Avenue,Hayward,94044,"30535 Huntwood Avenue
Hayward, CA 94044
(37.620369620000474, -122.05532195599972)"
Yali's Cafe,Restaurant,510-843-2233,1920 Oxford Street,Berkeley,94704,"1920 Oxford Street
Berkeley, CA 94704
(37.87344829500046, -122.26630732999968)"
Zachary's Pizza College,Restaurant,510-655-3365,5801 College Ave,Oakland,94618,"5801 College Ave
Oakland, CA 94618
(37.84630758700047, -122.2520038239997)"
Zachary's Pizza Solano,Restaurant,510-525-6419,1853 Solano Ave.,Berkeley,94707,"1853 Solano Ave.
Berkeley, CA 94707
(37.89142766900045, -122.2785002499997)"
Zatar Restaurant and Catering,Restaurant,510-841-1981,1981 Shattuck Ave.,Berkeley,94704,"1981 Shattuck Ave.
Berkeley, CA 94704
(37.872537098000464, -122.26837495999968)"
